snapshot_date,entity,prev_rank,new_rank,rank_delta,prev_score,new_score,prev_reliability,new_reliability,change_type
2026-10-09,Manchester City,1,1,0,97.05,97.11,🟢 Elite,🟢 Elite,UNCHANGED
2026-10-09,Arsenal,2,2,0,76.18,76.17,🟡 Reliable,🟡 Reliable,UNCHANGED
2026-10-09,Brighton & Hove Albion,3,3,0,74.46,74.46,🟡 Reliable,🟡 Reliable,UNCHANGED
2026-10-09,Leeds United,4,4,0,72.19,72.19,🟡 Reliable,🟡 Reliable,UNCHANGED
2026-10-09,Brentford,5,5,0,63.13,63.13,🟠 Form-dependent,🟠 Form-dependent,UNCHANGED
2026-10-09,Liverpool,6,6,0,60.75,60.74,🟠 Form-dependent,🟠 Form-dependent,UNCHANGED
2026-10-09,Newcastle United,7,7,0,59.68,59.69,🟠 Form-dependent,🟠 Form-dependent,UNCHANGED
2026-10-09,Everton,8,8,0,57.39,57.44,🟠 Form-dependent,🟠 Form-dependent,UNCHANGED
2026-10-09,Hull City,9,9,0,49.78,49.78,⚪ Unranked,⚪ Unranked,UNCHANGED
2026-10-09,Manchester United,10,10,0,43.97,43.98,⚪ Unranked,⚪ Unranked,UNCHANGED
2026-10-09,Ipswich Town,11,11,0,42.63,42.63,⚪ Unranked,⚪ Unranked,UNCHANGED
2026-10-09,Nottingham Forest,12,12,0,37.13,37.13,⚪ Unranked,⚪ Unranked,UNCHANGED
2026-10-09,Aston Villa,13,13,0,35.82,35.8,⚪ Unranked,⚪ Unranked,UNCHANGED
2026-10-09,Chelsea,14,14,0,35.08,35.09,⚪ Unranked,⚪ Unranked,UNCHANGED
2026-10-09,Crystal Palace,15,15,0,34.23,34.23,⚪ Unranked,⚪ Unranked,UNCHANGED
2026-10-09,Sunderland,16,16,0,29.94,29.94,⚪ Unranked,⚪ Unranked,UNCHANGED
2026-10-09,AFC Bournemouth,17,17,0,25.31,25.31,⚪ Unranked,⚪ Unranked,UNCHANGED
2026-10-09,Coventry City,18,18,0,25.07,25.07,⚪ Unranked,⚪ Unranked,UNCHANGED
2026-10-09,Fulham,19,19,0,17.91,17.91,⚪ Unranked,⚪ Unranked,UNCHANGED
2026-10-09,Tottenham Hotspur,20,20,0,13.94,13.87,⚪ Unranked,⚪ Unranked,UNCHANGED
2026-10-09,Barcelona,1,1,0,93.09,93.1,🟢 Elite,🟢 Elite,UNCHANGED
2026-10-09,Atlético Madrid,2,2,0,81.82,81.83,🟢 Elite,🟢 Elite,UNCHANGED
2026-10-09,Real Betis,3,3,0,70.53,70.54,🟡 Reliable,🟡 Reliable,UNCHANGED
2026-10-09,Real Madrid,4,4,0,66.76,66.76,🟡 Reliable,🟡 Reliable,UNCHANGED
2026-10-09,Sevilla,5,5,0,60.5,60.5,🟠 Form-dependent,🟠 Form-dependent,UNCHANGED
2026-10-09,Real Sociedad,6,6,0,59.07,59.07,🟠 Form-dependent,🟠 Form-dependent,UNCHANGED
2026-10-09,Alavés,7,7,0,57.69,57.69,🟠 Form-dependent,🟠 Form-dependent,UNCHANGED
2026-10-09,Athletic Club,8,8,0,56.57,56.57,🟠 Form-dependent,🟠 Form-dependent,UNCHANGED
2026-10-09,Deportivo,9,9,0,56.33,56.33,🟠 Form-dependent,🟠 Form-dependent,UNCHANGED
2026-10-09,Villarreal,10,10,0,53.78,53.79,🟠 Form-dependent,🟠 Form-dependent,UNCHANGED
2026-10-09,Rayo Vallecano,11,11,0,42.97,42.97,⚪ Unranked,⚪ Unranked,UNCHANGED
2026-10-09,Getafe,12,12,0,40.09,40.09,⚪ Unranked,⚪ Unranked,UNCHANGED
2026-10-09,Celta Vigo,13,13,0,38.03,38.03,⚪ Unranked,⚪ Unranked,UNCHANGED
2026-10-09,Osasuna,14,14,0,34.92,34.92,⚪ Unranked,⚪ Unranked,UNCHANGED
2026-10-09,Racing Santander,15,15,0,32.88,32.88,⚪ Unranked,⚪ Unranked,UNCHANGED
2026-10-09,Espanyol,16,16,0,32.41,32.41,⚪ Unranked,⚪ Unranked,UNCHANGED
2026-10-09,Levante,17,17,0,29.03,29.03,⚪ Unranked,⚪ Unranked,UNCHANGED
2026-10-09,Elche,18,18,0,23.19,23.19,⚪ Unranked,⚪ Unranked,UNCHANGED
2026-10-09,Valencia,19,19,0,20.21,20.2,⚪ Unranked,⚪ Unranked,UNCHANGED
2026-10-09,Málaga,20,20,0,13.27,13.27,⚪ Unranked,⚪ Unranked,UNCHANGED
2026-10-09,AS Roma,1,1,0,89.96,89.99,🟢 Elite,🟢 Elite,UNCHANGED
2026-10-09,Internazionale,2,2,0,86.96,86.96,🟢 Elite,🟢 Elite,UNCHANGED
2026-10-09,Cagliari,3,3,0,86.93,86.93,🟢 Elite,🟢 Elite,UNCHANGED
2026-10-09,Lazio,4,4,0,78.41,78.43,🟡 Reliable,🟡 Reliable,UNCHANGED
2026-10-09,Frosinone,5,5,0,72.0,72.0,🟡 Reliable,🟡 Reliable,UNCHANGED
2026-10-09,Como,6,6,0,66.84,66.84,🟡 Reliable,🟡 Reliable,UNCHANGED
2026-10-09,AC Milan,7,7,0,66.78,66.83,🟡 Reliable,🟡 Reliable,UNCHANGED
2026-10-09,Juventus,8,8,0,58.57,58.56,🟠 Form-dependent,🟠 Form-dependent,UNCHANGED
2026-10-09,Napoli,9,9,0,56.46,56.44,🟠 Form-dependent,🟠 Form-dependent,UNCHANGED
2026-10-09,Sassuolo,10,10,0,56.21,56.21,🟠 Form-dependent,🟠 Form-dependent,UNCHANGED
2026-10-09,Lecce,11,11,0,40.9,40.9,⚪ Unranked,⚪ Unranked,UNCHANGED
2026-10-09,Fiorentina,12,12,0,39.49,39.48,⚪ Unranked,⚪ Unranked,UNCHANGED
2026-10-09,Atalanta,13,13,0,35.07,35.03,⚪ Unranked,⚪ Unranked,UNCHANGED
2026-10-09,Parma,14,14,0,30.29,30.29,⚪ Unranked,⚪ Unranked,UNCHANGED
2026-10-09,Monza,15,15,0,30.25,30.25,⚪ Unranked,⚪ Unranked,UNCHANGED
2026-10-09,Bologna,16,16,0,24.56,24.55,⚪ Unranked,⚪ Unranked,UNCHANGED
2026-10-09,Udinese,17,17,0,23.81,23.81,⚪ Unranked,⚪ Unranked,UNCHANGED
2026-10-09,Torino,18,18,0,22.86,22.87,⚪ Unranked,⚪ Unranked,UNCHANGED
2026-10-09,Genoa,19,19,0,10.17,10.17,⚪ Unranked,⚪ Unranked,UNCHANGED
2026-10-09,Venezia,20,20,0,3.96,3.96,⚪ Unranked,⚪ Unranked,UNCHANGED
2026-10-09,Borussia Dortmund,1,1,0,97.25,97.31,🟢 Elite,🟢 Elite,UNCHANGED
2026-10-09,Bayern Munich,2,2,0,86.02,86.02,🟢 Elite,🟢 Elite,UNCHANGED
2026-10-09,SC Freiburg,3,3,0,81.73,81.83,🟢 Elite,🟢 Elite,UNCHANGED
2026-10-09,Mainz,4,4,0,65.37,65.37,🟡 Reliable,🟡 Reliable,UNCHANGED
2026-10-09,FC Augsburg,5,5,0,63.3,63.3,🟠 Form-dependent,🟠 Form-dependent,UNCHANGED
2026-10-09,Bayer Leverkusen,6,6,0,62.73,62.71,🟠 Form-dependent,🟠 Form-dependent,UNCHANGED
2026-10-09,SV Elversberg,7,7,0,60.34,60.34,🟠 Form-dependent,🟠 Form-dependent,UNCHANGED
2026-10-09,RB Leipzig,8,8,0,57.98,57.97,🟠 Form-dependent,🟠 Form-dependent,UNCHANGED
2026-10-09,Werder Bremen,9,9,0,57.71,57.71,🟠 Form-dependent,🟠 Form-dependent,UNCHANGED
2026-10-09,Eintracht Frankfurt,10,10,0,55.87,55.94,🟠 Form-dependent,🟠 Form-dependent,UNCHANGED
2026-10-09,Schalke 04,11,11,0,45.22,45.22,⚪ Unranked,⚪ Unranked,UNCHANGED
2026-10-09,TSG Hoffenheim,12,12,0,32.28,32.28,⚪ Unranked,⚪ Unranked,UNCHANGED
2026-10-09,FC Cologne,13,13,0,31.97,31.97,⚪ Unranked,⚪ Unranked,UNCHANGED
2026-10-09,SC Paderborn 07,14,14,0,31.18,31.18,⚪ Unranked,⚪ Unranked,UNCHANGED
2026-10-09,VfB Stuttgart,15,15,0,23.46,23.39,⚪ Unranked,⚪ Unranked,UNCHANGED
2026-10-09,Hamburg SV,16,16,0,21.9,21.9,⚪ Unranked,⚪ Unranked,UNCHANGED
2026-10-09,1. FC Union Berlin,17,17,0,6.08,6.08,⚪ Unranked,⚪ Unranked,UNCHANGED
2026-10-09,Borussia Mönchengladbach,18,18,0,3.38,3.34,⚪ Unranked,⚪ Unranked,UNCHANGED
2026-10-09,AS Monaco,1,1,0,88.33,88.33,🟢 Elite,🟢 Elite,UNCHANGED
2026-10-09,Lyon,2,2,0,79.8,79.8,🟡 Reliable,🟡 Reliable,UNCHANGED
2026-10-09,Lille,3,3,0,76.44,76.44,🟡 Reliable,🟡 Reliable,UNCHANGED
2026-10-09,Paris FC,4,4,0,70.56,70.56,🟡 Reliable,🟡 Reliable,UNCHANGED
2026-10-09,Stade Rennais,5,5,0,67.23,67.23,🟡 Reliable,🟡 Reliable,UNCHANGED
2026-10-09,Paris Saint-Germain,6,6,0,55.13,55.13,🟠 Form-dependent,🟠 Form-dependent,UNCHANGED
2026-10-09,Strasbourg,7,7,0,53.58,53.58,🟠 Form-dependent,🟠 Form-dependent,UNCHANGED
2026-10-09,Angers,8,8,0,53.34,53.34,🟠 Form-dependent,🟠 Form-dependent,UNCHANGED
2026-10-09,AJ Auxerre,9,9,0,48.75,48.76,⚪ Unranked,⚪ Unranked,UNCHANGED
2026-10-09,Le Mans,10,10,0,45.92,45.92,⚪ Unranked,⚪ Unranked,UNCHANGED
2026-10-09,Toulouse,11,11,0,39.07,39.07,⚪ Unranked,⚪ Unranked,UNCHANGED
2026-10-09,Brest,12,12,0,37.6,37.59,⚪ Unranked,⚪ Unranked,UNCHANGED
2026-10-09,Lorient,13,13,0,36.09,36.07,⚪ Unranked,⚪ Unranked,UNCHANGED
2026-10-09,Nice,14,14,0,31.92,31.92,⚪ Unranked,⚪ Unranked,UNCHANGED
2026-10-09,Lens,15,15,0,19.99,19.98,⚪ Unranked,⚪ Unranked,UNCHANGED
2026-10-09,Troyes,16,16,0,16.18,16.17,⚪ Unranked,⚪ Unranked,UNCHANGED
2026-10-09,Le Havre AC,17,17,0,13.6,13.6,⚪ Unranked,⚪ Unranked,UNCHANGED
2026-10-09,Marseille,18,18,0,12.74,12.73,⚪ Unranked,⚪ Unranked,UNCHANGED
2026-10-09,AZ Alkmaar,1,1,0,90.57,90.57,🟢 Elite,🟢 Elite,UNCHANGED
2026-10-09,Feyenoord Rotterdam,2,2,0,90.05,90.05,🟢 Elite,🟢 Elite,UNCHANGED
2026-10-09,PSV Eindhoven,3,3,0,81.13,81.13,🟢 Elite,🟢 Elite,UNCHANGED
2026-10-09,FC Twente,4,4,0,79.75,79.75,🟡 Reliable,🟡 Reliable,UNCHANGED
2026-10-09,Ajax Amsterdam,5,5,0,71.23,71.23,🟡 Reliable,🟡 Reliable,UNCHANGED
2026-10-09,Fortuna Sittard,6,6,0,61.33,61.33,🟠 Form-dependent,🟠 Form-dependent,UNCHANGED
2026-10-09,Excelsior,7,7,0,57.63,57.63,🟠 Form-dependent,🟠 Form-dependent,UNCHANGED
2026-10-09,FC Groningen,8,8,0,56.18,56.18,🟠 Form-dependent,🟠 Form-dependent,UNCHANGED
2026-10-09,Go Ahead Eagles,9,9,0,44.32,44.32,⚪ Unranked,⚪ Unranked,UNCHANGED
2026-10-09,Heerenveen,10,10,0,43.7,43.7,⚪ Unranked,⚪ Unranked,UNCHANGED
2026-10-09,NEC Nijmegen,11,11,0,39.99,39.99,⚪ Unranked,⚪ Unranked,UNCHANGED
2026-10-09,FC Utrecht,12,12,0,33.4,33.4,⚪ Unranked,⚪ Unranked,UNCHANGED
2026-10-09,SC Cambuur,13,13,0,28.2,28.2,⚪ Unranked,⚪ Unranked,UNCHANGED
2026-10-09,Sparta Rotterdam,14,14,0,24.8,24.8,⚪ Unranked,⚪ Unranked,UNCHANGED
2026-10-09,Telstar,15,15,0,24.49,24.49,⚪ Unranked,⚪ Unranked,UNCHANGED
2026-10-09,PEC Zwolle,16,16,0,13.96,13.96,⚪ Unranked,⚪ Unranked,UNCHANGED
2026-10-09,ADO Den Haag,17,17,0,11.69,11.69,⚪ Unranked,⚪ Unranked,UNCHANGED
2026-10-09,Willem II,18,18,0,10.76,10.76,⚪ Unranked,⚪ Unranked,UNCHANGED
2026-10-09,FC Porto,1,1,0,97.85,97.85,🟢 Elite,🟢 Elite,UNCHANGED
2026-10-09,Benfica,2,2,0,82.84,82.84,🟢 Elite,🟢 Elite,UNCHANGED
2026-10-09,Sporting CP,3,3,0,76.45,76.45,🟡 Reliable,🟡 Reliable,UNCHANGED
2026-10-09,Santa Clara,4,4,0,74.75,74.75,🟡 Reliable,🟡 Reliable,UNCHANGED
2026-10-09,Braga,5,5,0,66.2,66.2,🟡 Reliable,🟡 Reliable,UNCHANGED
2026-10-09,Académico de Viseu,6,6,0,59.79,59.79,🟠 Form-dependent,🟠 Form-dependent,UNCHANGED
2026-10-09,Arouca,7,7,0,54.87,54.87,🟠 Form-dependent,🟠 Form-dependent,UNCHANGED
2026-10-09,Estrela,8,8,0,53.32,53.32,🟠 Form-dependent,🟠 Form-dependent,UNCHANGED
2026-10-09,Alverca,9,9,0,44.52,44.52,⚪ Unranked,⚪ Unranked,UNCHANGED
2026-10-09,Gil Vicente,10,10,0,44.29,44.29,⚪ Unranked,⚪ Unranked,UNCHANGED
2026-10-09,Moreirense,11,11,0,40.56,40.56,⚪ Unranked,⚪ Unranked,UNCHANGED
2026-10-09,FC Famalicao,12,12,0,37.41,37.41,⚪ Unranked,⚪ Unranked,UNCHANGED
2026-10-09,Maritimo,13,13,0,33.35,33.35,⚪ Unranked,⚪ Unranked,UNCHANGED
2026-10-09,Vitória de Guimaraes,14,14,0,29.35,29.35,⚪ Unranked,⚪ Unranked,UNCHANGED
2026-10-09,Rio Ave,15,15,0,21.38,21.38,⚪ Unranked,⚪ Unranked,UNCHANGED
2026-10-09,Casa Pia,16,16,0,19.07,19.07,⚪ Unranked,⚪ Unranked,UNCHANGED
2026-10-09,C.D. Nacional,17,17,0,15.95,15.95,⚪ Unranked,⚪ Unranked,UNCHANGED
2026-10-09,Estoril,18,18,0,10.21,10.21,⚪ Unranked,⚪ Unranked,UNCHANGED
2026-10-09,Union St.-Gilloise,1,1,0,94.95,94.95,🟢 Elite,🟢 Elite,UNCHANGED
2026-10-09,KAA Gent,2,2,0,88.09,88.09,🟢 Elite,🟢 Elite,UNCHANGED
2026-10-09,Club Brugge,3,3,0,83.64,83.64,🟢 Elite,🟢 Elite,UNCHANGED
2026-10-09,Royal Charleroi SC,4,4,0,81.71,81.71,🟢 Elite,🟢 Elite,UNCHANGED
2026-10-09,Anderlecht,5,5,0,66.44,66.44,🟡 Reliable,🟡 Reliable,UNCHANGED
2026-10-09,Standard Liege,6,6,0,58.82,58.82,🟠 Form-dependent,🟠 Form-dependent,UNCHANGED
2026-10-09,Zulte-Waregem,7,7,0,57.03,57.03,🟠 Form-dependent,🟠 Form-dependent,UNCHANGED
2026-10-09,KVC Westerlo,8,8,0,56.61,56.61,🟠 Form-dependent,🟠 Form-dependent,UNCHANGED
2026-10-09,Racing Genk,9,9,0,47.14,47.14,⚪ Unranked,⚪ Unranked,UNCHANGED
2026-10-09,Waasland-Beveren,10,10,0,44.59,44.59,⚪ Unranked,⚪ Unranked,UNCHANGED
2026-10-09,Sint-Truidense,11,11,0,41.8,41.8,⚪ Unranked,⚪ Unranked,UNCHANGED
2026-10-09,Lommel SK,12,12,0,41.58,41.58,⚪ Unranked,⚪ Unranked,UNCHANGED
2026-10-09,Antwerp,13,13,0,26.73,26.73,⚪ Unranked,⚪ Unranked,UNCHANGED
2026-10-09,RAAL La Louvière,14,14,0,25.6,25.6,⚪ Unranked,⚪ Unranked,UNCHANGED
2026-10-09,Oud-Heverlee Leuven,15,15,0,22.81,22.81,⚪ Unranked,⚪ Unranked,UNCHANGED
2026-10-09,Cercle Brugge KSV,16,16,0,15.22,15.22,⚪ Unranked,⚪ Unranked,UNCHANGED
2026-10-09,KV Mechelen,17,17,0,14.82,14.82,⚪ Unranked,⚪ Unranked,UNCHANGED
2026-10-09,KV Kortrijk,18,18,0,14.16,14.16,⚪ Unranked,⚪ Unranked,UNCHANGED
2026-10-09,Celtic,1,1,0,86.79,86.79,🟢 Elite,🟢 Elite,UNCHANGED
2026-10-09,Rangers,2,2,0,85.1,85.1,🟢 Elite,🟢 Elite,UNCHANGED
2026-10-09,Heart of Midlothian,3,3,0,69.93,69.93,🟡 Reliable,🟡 Reliable,UNCHANGED
2026-10-09,Dundee,4,4,0,55.55,55.55,🟠 Form-dependent,🟠 Form-dependent,UNCHANGED
2026-10-09,St Mirren,5,5,0,47.36,47.36,⚪ Unranked,⚪ Unranked,UNCHANGED
2026-10-09,St Johnstone,6,6,0,43.07,43.07,⚪ Unranked,⚪ Unranked,UNCHANGED
2026-10-09,Aberdeen,7,7,0,41.22,41.22,⚪ Unranked,⚪ Unranked,UNCHANGED
2026-10-09,Dundee United,8,8,0,39.73,39.73,⚪ Unranked,⚪ Unranked,UNCHANGED
2026-10-09,Motherwell,9,9,0,36.8,36.8,⚪ Unranked,⚪ Unranked,UNCHANGED
2026-10-09,Hibernian,10,10,0,30.7,30.7,⚪ Unranked,⚪ Unranked,UNCHANGED
2026-10-09,Falkirk,11,11,0,28.24,28.24,⚪ Unranked,⚪ Unranked,UNCHANGED
2026-10-09,Kilmarnock,12,12,0,23.1,23.1,⚪ Unranked,⚪ Unranked,UNCHANGED
2026-10-09,Galatasaray,1,1,0,79.01,79.01,🟡 Reliable,🟡 Reliable,UNCHANGED
2026-10-09,Amed SFK,2,2,0,76.7,76.7,🟡 Reliable,🟡 Reliable,UNCHANGED
2026-10-09,Kocaelispor,3,3,0,74.06,74.06,🟡 Reliable,🟡 Reliable,UNCHANGED
2026-10-09,Besiktas,4,4,0,71.2,71.2,🟡 Reliable,🟡 Reliable,UNCHANGED
2026-10-09,Alanyaspor,5,5,0,66.82,66.82,🟡 Reliable,🟡 Reliable,UNCHANGED
2026-10-09,Fenerbahce,6,6,0,65.46,65.46,🟡 Reliable,🟡 Reliable,UNCHANGED
2026-10-09,Trabzonspor,7,7,0,61.58,61.58,🟠 Form-dependent,🟠 Form-dependent,UNCHANGED
2026-10-09,Kasimpasa,8,8,0,58.33,58.33,🟠 Form-dependent,🟠 Form-dependent,UNCHANGED
2026-10-09,Caykur Rizespor,9,9,0,51.24,51.24,🟠 Form-dependent,🟠 Form-dependent,UNCHANGED
2026-10-09,Gaziantep FK,10,10,0,47.22,47.22,⚪ Unranked,⚪ Unranked,UNCHANGED
2026-10-09,Çorum FK,11,11,0,42.29,42.29,⚪ Unranked,⚪ Unranked,UNCHANGED
2026-10-09,Erzurum BB,12,12,0,36.88,36.88,⚪ Unranked,⚪ Unranked,UNCHANGED
2026-10-09,Istanbul Basaksehir,13,13,0,35.35,35.35,⚪ Unranked,⚪ Unranked,UNCHANGED
2026-10-09,Genclerbirligi,14,14,0,32.87,32.87,⚪ Unranked,⚪ Unranked,UNCHANGED
2026-10-09,Konyaspor,15,15,0,25.33,25.33,⚪ Unranked,⚪ Unranked,UNCHANGED
2026-10-09,Samsunspor,16,16,0,21.37,21.37,⚪ Unranked,⚪ Unranked,UNCHANGED
2026-10-09,Goztepe,17,17,0,16.69,16.69,⚪ Unranked,⚪ Unranked,UNCHANGED
2026-10-09,Eyupspor,18,18,0,14.6,14.6,⚪ Unranked,⚪ Unranked,UNCHANGED
2026-10-09,Lugano,1,1,0,96.25,96.25,🟢 Elite,🟢 Elite,UNCHANGED
2026-10-09,Young Boys,2,2,0,81.69,81.69,🟢 Elite,🟢 Elite,UNCHANGED
2026-10-09,Sion,3,3,0,76.71,76.71,🟡 Reliable,🟡 Reliable,UNCHANGED
2026-10-09,Basel,4,4,0,66.91,66.91,🟡 Reliable,🟡 Reliable,UNCHANGED
2026-10-09,St. Gallen,5,5,0,52.31,52.31,🟠 Form-dependent,🟠 Form-dependent,UNCHANGED
2026-10-09,Luzern,6,6,0,47.26,47.26,⚪ Unranked,⚪ Unranked,UNCHANGED
2026-10-09,Zürich,7,7,0,43.04,43.04,⚪ Unranked,⚪ Unranked,UNCHANGED
2026-10-09,Servette,8,8,0,36.44,36.44,⚪ Unranked,⚪ Unranked,UNCHANGED
2026-10-09,Thun,9,9,0,32.65,32.65,⚪ Unranked,⚪ Unranked,UNCHANGED
2026-10-09,Grasshopper,10,10,0,27.68,27.68,⚪ Unranked,⚪ Unranked,UNCHANGED
2026-10-09,Vaduz,11,11,0,22.85,22.85,⚪ Unranked,⚪ Unranked,UNCHANGED
2026-10-09,Lausanne-Sport,12,12,0,17.5,17.5,⚪ Unranked,⚪ Unranked,UNCHANGED
2026-10-09,Rapid Vienna,1,1,0,87.1,87.1,🟢 Elite,🟢 Elite,UNCHANGED
2026-10-09,RB Salzburg,2,2,0,84.96,84.96,🟢 Elite,🟢 Elite,UNCHANGED
2026-10-09,LASK Linz,3,3,0,75.82,75.82,🟡 Reliable,🟡 Reliable,UNCHANGED
2026-10-09,SK Sturm Graz,4,4,0,56.9,56.9,🟠 Form-dependent,🟠 Form-dependent,UNCHANGED
2026-10-09,SV Josko Ried,5,5,0,49.1,49.1,⚪ Unranked,⚪ Unranked,UNCHANGED
2026-10-09,WSG Swarovski Tirol,6,6,0,46.42,46.42,⚪ Unranked,⚪ Unranked,UNCHANGED
2026-10-09,TSV Hartberg,7,7,0,46.26,46.26,⚪ Unranked,⚪ Unranked,UNCHANGED
2026-10-09,Austria Lustenau,8,8,0,41.63,41.63,⚪ Unranked,⚪ Unranked,UNCHANGED
2026-10-09,Austria Vienna,9,9,0,35.03,35.03,⚪ Unranked,⚪ Unranked,UNCHANGED
2026-10-09,Grazer AK,10,10,0,34.56,34.56,⚪ Unranked,⚪ Unranked,UNCHANGED
2026-10-09,Wolfsberger,11,11,0,18.26,18.26,⚪ Unranked,⚪ Unranked,UNCHANGED
2026-10-09,SC Rheindorf Altach,12,12,0,11.11,11.11,⚪ Unranked,⚪ Unranked,UNCHANGED
2026-10-09,F.C. København,1,1,0,93.67,93.67,🟢 Elite,🟢 Elite,UNCHANGED
2026-10-09,FC Midtjylland,2,2,0,72.89,72.89,🟡 Reliable,🟡 Reliable,UNCHANGED
2026-10-09,Viborg FF,3,3,0,69.38,69.38,🟡 Reliable,🟡 Reliable,UNCHANGED
2026-10-09,FC Nordsjælland,4,4,0,61.57,61.57,🟠 Form-dependent,🟠 Form-dependent,UNCHANGED
2026-10-09,AC Horsens,5,5,0,48.2,48.2,⚪ Unranked,⚪ Unranked,UNCHANGED
2026-10-09,Brøndby IF,6,6,0,44.9,44.9,⚪ Unranked,⚪ Unranked,UNCHANGED
2026-10-09,Silkeborg IF,7,7,0,42.95,42.95,⚪ Unranked,⚪ Unranked,UNCHANGED
2026-10-09,Randers FC,8,8,0,39.84,39.84,⚪ Unranked,⚪ Unranked,UNCHANGED
2026-10-09,Odense Boldklub,9,9,0,35.82,35.82,⚪ Unranked,⚪ Unranked,UNCHANGED
2026-10-09,Lyngby Boldklub,10,10,0,29.18,29.18,⚪ Unranked,⚪ Unranked,UNCHANGED
2026-10-09,Sønderjyske Fodbold,11,11,0,19.55,19.55,⚪ Unranked,⚪ Unranked,UNCHANGED
2026-10-09,AGF,12,12,0,18.92,18.92,⚪ Unranked,⚪ Unranked,UNCHANGED
2026-10-09,IK Sirius,1,1,0,77.69,77.69,🟡 Reliable,🟡 Reliable,UNCHANGED
2026-10-09,Djurgården,2,2,0,74.98,74.98,🟡 Reliable,🟡 Reliable,UNCHANGED
2026-10-09,Hammarby IF,3,3,0,74.13,74.13,🟡 Reliable,🟡 Reliable,UNCHANGED
2026-10-09,IF Elfsborg,4,4,0,66.08,66.08,🟡 Reliable,🟡 Reliable,UNCHANGED
2026-10-09,Västerås SK,5,5,0,60.76,60.76,🟠 Form-dependent,🟠 Form-dependent,UNCHANGED
2026-10-09,BK Häcken,6,6,0,60.14,60.14,🟠 Form-dependent,🟠 Form-dependent,UNCHANGED
2026-10-09,IFK Göteborg,7,7,0,58.84,58.84,🟠 Form-dependent,🟠 Form-dependent,UNCHANGED
2026-10-09,Malmö FF,8,8,0,52.88,52.88,🟠 Form-dependent,🟠 Form-dependent,UNCHANGED
2026-10-09,AIK,9,9,0,46.79,46.79,⚪ Unranked,⚪ Unranked,UNCHANGED
2026-10-09,GAIS,10,10,0,46.49,46.49,⚪ Unranked,⚪ Unranked,UNCHANGED
2026-10-09,IF Brommapojkarna,11,11,0,40.22,40.22,⚪ Unranked,⚪ Unranked,UNCHANGED
2026-10-09,Mjällby AIF,12,12,0,28.13,28.13,⚪ Unranked,⚪ Unranked,UNCHANGED
2026-10-09,Halmstads BK,13,13,0,25.39,25.39,⚪ Unranked,⚪ Unranked,UNCHANGED
2026-10-09,Degerfors IF,14,14,0,24.68,24.68,⚪ Unranked,⚪ Unranked,UNCHANGED
2026-10-09,Kalmar FF,15,15,0,22.71,22.71,⚪ Unranked,⚪ Unranked,UNCHANGED
2026-10-09,Örgryte IS,16,16,0,18.37,18.37,⚪ Unranked,⚪ Unranked,UNCHANGED
2026-10-09,Bodo/Glimt,1,1,0,83.07,83.07,🟢 Elite,🟢 Elite,UNCHANGED
2026-10-09,Viking FK,2,2,0,81.15,81.15,🟡 Reliable,🟡 Reliable,UNCHANGED
2026-10-09,Molde,3,3,0,70.39,70.39,🟡 Reliable,🟡 Reliable,UNCHANGED
2026-10-09,Rosenborg,4,4,0,66.76,66.76,🟡 Reliable,🟡 Reliable,UNCHANGED
2026-10-09,Tromso,5,5,0,58.27,58.27,🟠 Form-dependent,🟠 Form-dependent,UNCHANGED
2026-10-09,Lillestrom,6,6,0,54.45,54.45,🟠 Form-dependent,🟠 Form-dependent,UNCHANGED
2026-10-09,SK Brann,7,7,0,51.79,51.79,🟠 Form-dependent,🟠 Form-dependent,UNCHANGED
2026-10-09,Fredrikstad,8,8,0,50.26,50.26,🟠 Form-dependent,🟠 Form-dependent,UNCHANGED
2026-10-09,KFUM Oslo,9,9,0,42.96,42.96,⚪ Unranked,⚪ Unranked,UNCHANGED
2026-10-09,Sandefjord,10,10,0,42.39,42.39,⚪ Unranked,⚪ Unranked,UNCHANGED
2026-10-09,Sarpsborg FK,11,11,0,37.84,37.84,⚪ Unranked,⚪ Unranked,UNCHANGED
2026-10-09,Aalesund,12,12,0,33.69,33.69,⚪ Unranked,⚪ Unranked,UNCHANGED
2026-10-09,Vålerenga,13,13,0,30.8,30.8,⚪ Unranked,⚪ Unranked,UNCHANGED
2026-10-09,Hamarkameratene,14,14,0,25.33,25.33,⚪ Unranked,⚪ Unranked,UNCHANGED
2026-10-09,Kristiansund BK,15,15,0,25.11,25.11,⚪ Unranked,⚪ Unranked,UNCHANGED
2026-10-09,IK Start,16,16,0,25.08,25.08,⚪ Unranked,⚪ Unranked,UNCHANGED
2026-10-09,Lech Poznań,1,1,0,86.32,86.32,🟢 Elite,🟢 Elite,UNCHANGED
2026-10-09,Górnik Zabrze,2,2,0,86.1,86.1,🟢 Elite,🟢 Elite,UNCHANGED
2026-10-09,Wisła Kraków,3,3,0,77.97,77.97,🟡 Reliable,🟡 Reliable,UNCHANGED
2026-10-09,Legia Warsaw,4,4,0,77.72,77.72,🟡 Reliable,🟡 Reliable,UNCHANGED
2026-10-09,Pogoń Szczecin,5,5,0,66.36,66.36,🟡 Reliable,🟡 Reliable,UNCHANGED
2026-10-09,Korona Kielce,6,6,0,65.13,65.13,🟡 Reliable,🟡 Reliable,UNCHANGED
2026-10-09,Zagłębie Lubin,7,7,0,61.17,61.17,🟠 Form-dependent,🟠 Form-dependent,UNCHANGED
2026-10-09,Piast Gliwice,8,8,0,49.92,49.92,⚪ Unranked,⚪ Unranked,UNCHANGED
2026-10-09,Jagiellonia Białystok,9,9,0,46.99,46.99,⚪ Unranked,⚪ Unranked,UNCHANGED
2026-10-09,Wisła Płock,10,10,0,45.42,45.42,⚪ Unranked,⚪ Unranked,UNCHANGED
2026-10-09,GKS Katowice,11,11,0,45.01,45.01,⚪ Unranked,⚪ Unranked,UNCHANGED
2026-10-09,Widzew Łódź,12,12,0,35.06,35.06,⚪ Unranked,⚪ Unranked,UNCHANGED
2026-10-09,Cracovia,13,13,0,33.16,33.16,⚪ Unranked,⚪ Unranked,UNCHANGED
2026-10-09,Radomiak Radom,14,14,0,29.69,29.69,⚪ Unranked,⚪ Unranked,UNCHANGED
2026-10-09,Śląsk Wrocław,15,15,0,25.94,25.94,⚪ Unranked,⚪ Unranked,UNCHANGED
2026-10-09,Motor Lublin,16,16,0,18.17,18.17,⚪ Unranked,⚪ Unranked,UNCHANGED
2026-10-09,Wieczysta Kraków,17,17,0,17.77,17.77,⚪ Unranked,⚪ Unranked,UNCHANGED
2026-10-09,Raków Częstochowa,18,18,0,14.45,14.45,⚪ Unranked,⚪ Unranked,UNCHANGED
2026-10-09,Panathinaikos,1,1,0,97.68,97.68,🟢 Elite,🟢 Elite,UNCHANGED
2026-10-09,PAOK,2,2,0,82.09,82.1,🟢 Elite,🟢 Elite,UNCHANGED
2026-10-09,OFI Crete,3,3,0,74.19,74.2,🟡 Reliable,🟡 Reliable,UNCHANGED
2026-10-09,AEK Athens,4,4,0,73.89,73.89,🟡 Reliable,🟡 Reliable,UNCHANGED
2026-10-09,Olympiacos,5,5,0,59.46,59.46,🟠 Form-dependent,🟠 Form-dependent,UNCHANGED
2026-10-09,Panetolikos,6,6,0,51.95,51.94,🟠 Form-dependent,🟠 Form-dependent,UNCHANGED
2026-10-09,Iraklis,7,7,0,45.49,45.49,⚪ Unranked,⚪ Unranked,UNCHANGED
2026-10-09,Aris,8,8,0,40.68,40.67,⚪ Unranked,⚪ Unranked,UNCHANGED
2026-10-09,Kalamata,9,9,0,38.25,38.25,⚪ Unranked,⚪ Unranked,UNCHANGED
2026-10-09,Kifisia,10,10,0,36.72,36.73,⚪ Unranked,⚪ Unranked,UNCHANGED
2026-10-09,Atromitos,11,11,0,20.61,20.61,⚪ Unranked,⚪ Unranked,UNCHANGED
2026-10-09,Asteras Tripoli,12,12,0,17.93,17.93,⚪ Unranked,⚪ Unranked,UNCHANGED
2026-10-09,Volos NFC,13,13,0,15.64,15.64,⚪ Unranked,⚪ Unranked,UNCHANGED
2026-10-09,Levadiakos,14,14,0,8.82,8.82,⚪ Unranked,⚪ Unranked,UNCHANGED
2026-10-09,Shakhtar Donetsk,1,1,0,86.99,86.99,🟢 Elite,🟢 Elite,UNCHANGED
2026-10-09,Polissya Zhytomyr,2,2,0,85.33,85.33,🟢 Elite,🟢 Elite,UNCHANGED
2026-10-09,Dynamo Kyiv,3,3,0,77.48,77.48,🟡 Reliable,🟡 Reliable,UNCHANGED
2026-10-09,Karpaty Lviv,4,4,0,69.52,69.52,🟡 Reliable,🟡 Reliable,UNCHANGED
2026-10-09,Kharkiv,5,5,0,67.13,67.13,🟡 Reliable,🟡 Reliable,UNCHANGED
2026-10-09,Veres Rivne,6,6,0,51.82,51.89,🟠 Form-dependent,🟠 Form-dependent,UNCHANGED
2026-10-09,Epitsentr Kamianets-Podilskyi,7,7,0,48.72,48.72,⚪ Unranked,⚪ Unranked,UNCHANGED
2026-10-09,LNZ Cherkasy,8,8,0,44.61,44.6,⚪ Unranked,⚪ Unranked,UNCHANGED
2026-10-09,Livyi Bereh Kyiv,9,9,0,41.95,41.94,⚪ Unranked,⚪ Unranked,UNCHANGED
2026-10-09,Zorya Luhansk,10,10,0,38.76,38.75,⚪ Unranked,⚪ Unranked,UNCHANGED
2026-10-09,Kryvbas Kryvyi Rih,11,11,0,31.84,31.84,⚪ Unranked,⚪ Unranked,UNCHANGED
2026-10-09,Bukovyna Chernivtsi,12,12,0,31.81,31.81,⚪ Unranked,⚪ Unranked,UNCHANGED
2026-10-09,Kolos Kovalivka,13,13,0,27.76,27.76,⚪ Unranked,⚪ Unranked,UNCHANGED
2026-10-09,Chornomorets Odesa,14,14,0,23.48,23.48,⚪ Unranked,⚪ Unranked,UNCHANGED
2026-10-09,Obolon Kyiv,15,15,0,16.62,16.62,⚪ Unranked,⚪ Unranked,UNCHANGED
2026-10-09,Kudrivka,16,16,0,9.3,9.29,⚪ Unranked,⚪ Unranked,UNCHANGED
2026-10-09,Medeama,1,1,0,71.93,71.93,🟡 Reliable,🟡 Reliable,UNCHANGED
2026-10-09,Dreams F.C.,2,2,0,70.45,70.45,🟡 Reliable,🟡 Reliable,UNCHANGED
2026-10-09,Bibiani Gold Stars,3,3,0,68.83,68.83,🟡 Reliable,🟡 Reliable,UNCHANGED
2026-10-09,Hearts of Oak,4,4,0,65.13,65.13,🟡 Reliable,🟡 Reliable,UNCHANGED
2026-10-09,Aduana Stars,5,5,0,54.36,54.36,🟠 Form-dependent,🟠 Form-dependent,UNCHANGED
2026-10-09,Vision FC,6,6,0,52.47,52.47,🟠 Form-dependent,🟠 Form-dependent,UNCHANGED
2026-10-09,Asante Kotoko,7,7,0,51.55,51.55,🟠 Form-dependent,🟠 Form-dependent,UNCHANGED
2026-10-09,Samartex,8,8,0,51.42,51.42,🟠 Form-dependent,🟠 Form-dependent,UNCHANGED
2026-10-09,Karela,9,9,0,49.91,49.91,⚪ Unranked,⚪ Unranked,UNCHANGED
2026-10-09,Bechem United,10,10,0,48.42,48.42,⚪ Unranked,⚪ Unranked,UNCHANGED
2026-10-09,Berekum Chelsea,11,11,0,47.12,47.12,⚪ Unranked,⚪ Unranked,UNCHANGED
2026-10-09,Swedru All Blacks,12,12,0,47.05,47.05,⚪ Unranked,⚪ Unranked,UNCHANGED
2026-10-09,Young Apostles,13,13,0,43.13,43.13,⚪ Unranked,⚪ Unranked,UNCHANGED
2026-10-09,Heart of Lions,14,14,0,42.36,42.36,⚪ Unranked,⚪ Unranked,UNCHANGED
2026-10-09,Basake Holy Stars,15,15,0,42.09,42.09,⚪ Unranked,⚪ Unranked,UNCHANGED
2026-10-09,Nations,16,16,0,35.41,35.41,⚪ Unranked,⚪ Unranked,UNCHANGED
2026-10-09,Hohoe United,17,17,0,15.94,15.94,⚪ Unranked,⚪ Unranked,UNCHANGED
2026-10-09,Eleven Wonders,18,18,0,8.76,8.76,⚪ Unranked,⚪ Unranked,UNCHANGED
2026-10-09,Pyramids,1,1,0,93.41,93.43,🟢 Elite,🟢 Elite,UNCHANGED
2026-10-09,Zamalek,2,2,0,87.56,87.57,🟢 Elite,🟢 Elite,UNCHANGED
2026-10-09,Al Ahly,3,3,0,70.43,70.44,🟡 Reliable,🟡 Reliable,UNCHANGED
2026-10-09,Modern Sport,4,4,0,70.23,70.23,🟡 Reliable,🟡 Reliable,UNCHANGED
2026-10-09,Ceramica Cleopatra,5,5,0,69.68,69.71,🟡 Reliable,🟡 Reliable,UNCHANGED
2026-10-09,Al Ittihad,6,6,0,60.82,60.82,🟠 Form-dependent,🟠 Form-dependent,UNCHANGED
2026-10-09,Al Mokawloon Al Arab,7,7,0,53.34,53.34,🟠 Form-dependent,🟠 Form-dependent,UNCHANGED
2026-10-09,Petrojet,8,8,0,52.19,52.19,🟠 Form-dependent,🟠 Form-dependent,UNCHANGED
2026-10-09,Tala'ea El Gaish,9,9,0,51.11,51.11,🟠 Form-dependent,🟠 Form-dependent,UNCHANGED
2026-10-09,Al Masry,10,10,0,49.36,49.36,⚪ Unranked,⚪ Unranked,UNCHANGED
2026-10-09,ZED,11,11,0,49.05,49.05,⚪ Unranked,⚪ Unranked,UNCHANGED
2026-10-09,El Qanah,12,12,0,43.77,43.77,⚪ Unranked,⚪ Unranked,UNCHANGED
2026-10-09,National Bank of Egypt,13,13,0,40.2,40.2,⚪ Unranked,⚪ Unranked,UNCHANGED
2026-10-09,Wadi Degla,14,14,0,35.59,35.59,⚪ Unranked,⚪ Unranked,UNCHANGED
2026-10-09,Smouha,15,15,0,33.05,33.06,⚪ Unranked,⚪ Unranked,UNCHANGED
2026-10-09,Enppi,16,16,0,28.91,28.91,⚪ Unranked,⚪ Unranked,UNCHANGED
2026-10-09,Abou Qir,17,17,0,21.47,21.47,⚪ Unranked,⚪ Unranked,UNCHANGED
2026-10-09,Asyut Petroleum,18,18,0,16.95,16.95,⚪ Unranked,⚪ Unranked,UNCHANGED
2026-10-09,El Gouna,19,19,0,16.87,16.85,⚪ Unranked,⚪ Unranked,UNCHANGED
2026-10-09,Ghazl El Mahalla,20,20,0,10.04,10.04,⚪ Unranked,⚪ Unranked,UNCHANGED
2026-10-09,Raja Casablanca,1,1,0,76.74,76.74,🟡 Reliable,🟡 Reliable,UNCHANGED
2026-10-09,Wydad Casablanca,2,2,0,75.91,75.91,🟡 Reliable,🟡 Reliable,UNCHANGED
2026-10-09,RS Berkane,3,3,0,67.1,67.1,🟡 Reliable,🟡 Reliable,UNCHANGED
2026-10-09,Hassania Agadir,4,4,0,60.94,60.94,🟠 Form-dependent,🟠 Form-dependent,UNCHANGED
2026-10-09,FUS Rabat,5,5,0,51.48,51.48,🟠 Form-dependent,🟠 Form-dependent,UNCHANGED
2026-10-09,AS FAR,6,6,0,48.55,48.55,⚪ Unranked,⚪ Unranked,UNCHANGED
2026-10-09,Moghreb Tétouan,7,7,0,33.92,33.92,⚪ Unranked,⚪ Unranked,UNCHANGED
2026-10-09,Maghreb Fès,8,8,0,24.61,24.61,⚪ Unranked,⚪ Unranked,UNCHANGED
2026-10-09,Mouloudia Oujda,9,9,0,24.41,24.41,⚪ Unranked,⚪ Unranked,UNCHANGED
2026-10-09,Olympic Safi,10,10,0,23.36,23.36,⚪ Unranked,⚪ Unranked,UNCHANGED
2026-10-09,Orlando Pirates,1,1,0,93.07,93.07,🟢 Elite,🟢 Elite,UNCHANGED
2026-10-09,Mamelodi Sundowns,2,2,0,87.75,87.75,🟢 Elite,🟢 Elite,UNCHANGED
2026-10-09,AmaZulu,3,3,0,78.29,78.29,🟡 Reliable,🟡 Reliable,UNCHANGED
2026-10-09,Kaizer Chiefs,4,4,0,63.24,63.24,🟠 Form-dependent,🟠 Form-dependent,UNCHANGED
2026-10-09,Sekhukhune United FC,5,5,0,57.28,57.28,🟠 Form-dependent,🟠 Form-dependent,UNCHANGED
2026-10-09,Milford FC,6,6,0,54.63,54.63,🟠 Form-dependent,🟠 Form-dependent,UNCHANGED
2026-10-09,Stellenbosch,7,7,0,52.3,52.3,🟠 Form-dependent,🟠 Form-dependent,UNCHANGED
2026-10-09,Golden Arrows,8,8,0,44.93,44.93,⚪ Unranked,⚪ Unranked,UNCHANGED
2026-10-09,Chippa United,9,9,0,42.97,42.97,⚪ Unranked,⚪ Unranked,UNCHANGED
2026-10-09,Durban City,10,10,0,39.67,39.67,⚪ Unranked,⚪ Unranked,UNCHANGED
2026-10-09,TS Galaxy FC,11,11,0,32.86,32.86,⚪ Unranked,⚪ Unranked,UNCHANGED
2026-10-09,Polokwane City FC,12,12,0,32.27,32.27,⚪ Unranked,⚪ Unranked,UNCHANGED
2026-10-09,Kruger United,13,13,0,22.52,22.52,⚪ Unranked,⚪ Unranked,UNCHANGED
2026-10-09,Richards Bay FC,14,14,0,17.56,17.56,⚪ Unranked,⚪ Unranked,UNCHANGED
2026-10-09,Siwelele,15,15,0,15.97,15.97,⚪ Unranked,⚪ Unranked,UNCHANGED
2026-10-09,Marumo Gallants,16,16,0,10.17,10.17,⚪ Unranked,⚪ Unranked,UNCHANGED
2026-10-09,Rangers International,1,1,0,79.81,79.81,🟡 Reliable,🟡 Reliable,UNCHANGED
2026-10-09,Rivers United FC,2,2,0,75.06,75.06,🟡 Reliable,🟡 Reliable,UNCHANGED
2026-10-09,Shooting Stars SC,3,3,0,67.47,67.47,🟡 Reliable,🟡 Reliable,UNCHANGED
2026-10-09,Bendel Insurance FC,4,4,0,64.06,64.06,🟠 Form-dependent,🟠 Form-dependent,UNCHANGED
2026-10-09,Kun Khalifat FC,5,5,0,57.95,57.95,🟠 Form-dependent,🟠 Form-dependent,UNCHANGED
2026-10-09,Ikorodu City,6,6,0,57.61,57.61,🟠 Form-dependent,🟠 Form-dependent,UNCHANGED
2026-10-09,Barau,7,7,0,56.68,56.68,🟠 Form-dependent,🟠 Form-dependent,UNCHANGED
2026-10-09,Nasarawa United,8,8,0,53.81,53.81,🟠 Form-dependent,🟠 Form-dependent,UNCHANGED
2026-10-09,Enyimba,9,9,0,50.93,50.93,🟠 Form-dependent,🟠 Form-dependent,UNCHANGED
2026-10-09,Katsina United,10,10,0,48.45,48.45,⚪ Unranked,⚪ Unranked,UNCHANGED
2026-10-09,Abia Warriors,11,11,0,45.75,45.75,⚪ Unranked,⚪ Unranked,UNCHANGED
2026-10-09,Plateau United,12,12,0,43.48,43.48,⚪ Unranked,⚪ Unranked,UNCHANGED
2026-10-09,Warri Wolves,13,13,0,41.95,41.95,⚪ Unranked,⚪ Unranked,UNCHANGED
2026-10-09,Kwara United,14,14,0,41.64,41.64,⚪ Unranked,⚪ Unranked,UNCHANGED
2026-10-09,Niger Tornadoes,15,15,0,39.95,39.95,⚪ Unranked,⚪ Unranked,UNCHANGED
2026-10-09,Kano Pillars,16,16,0,39.84,39.84,⚪ Unranked,⚪ Unranked,UNCHANGED
2026-10-09,Remo Stars,17,17,0,37.41,37.41,⚪ Unranked,⚪ Unranked,UNCHANGED
2026-10-09,El Kanemi Warriors,18,18,0,29.19,29.19,⚪ Unranked,⚪ Unranked,UNCHANGED
2026-10-09,Bayelsa United,19,19,0,25.47,25.47,⚪ Unranked,⚪ Unranked,UNCHANGED
2026-10-09,Wikki Tourists,20,20,0,22.58,22.58,⚪ Unranked,⚪ Unranked,UNCHANGED
2026-10-09,Vissel Kobe,1,1,0,89.85,89.85,🟢 Elite,🟢 Elite,UNCHANGED
2026-10-09,Kashiwa Reysol,2,2,0,74.57,74.57,🟡 Reliable,🟡 Reliable,UNCHANGED
2026-10-09,Sanfrecce Hiroshima,3,3,0,74.51,74.52,🟡 Reliable,🟡 Reliable,UNCHANGED
2026-10-09,FC Tokyo,4,4,0,72.96,72.96,🟡 Reliable,🟡 Reliable,UNCHANGED
2026-10-09,Machida Zelvia,5,5,0,69.97,69.97,🟡 Reliable,🟡 Reliable,UNCHANGED
2026-10-09,Kawasaki Frontale,6,6,0,60.06,60.06,🟠 Form-dependent,🟠 Form-dependent,UNCHANGED
2026-10-09,Urawa Red Diamonds,7,7,0,59.26,59.26,🟠 Form-dependent,🟠 Form-dependent,UNCHANGED
2026-10-09,Fagiano Okayama,8,8,0,57.18,57.18,🟠 Form-dependent,🟠 Form-dependent,UNCHANGED
2026-10-09,Yokohama F. Marinos,9,9,0,56.81,56.81,🟠 Form-dependent,🟠 Form-dependent,UNCHANGED
2026-10-09,Kashima Antlers,10,10,0,47.91,47.91,⚪ Unranked,⚪ Unranked,UNCHANGED
2026-10-09,Shimizu S-Pulse,11,11,0,44.26,44.26,⚪ Unranked,⚪ Unranked,UNCHANGED
2026-10-09,Cerezo Osaka,12,12,0,40.99,40.99,⚪ Unranked,⚪ Unranked,UNCHANGED
2026-10-09,Kyoto Sanga,13,13,0,38.43,38.43,⚪ Unranked,⚪ Unranked,UNCHANGED
2026-10-09,Mito Hollyhock,14,14,0,38.42,38.42,⚪ Unranked,⚪ Unranked,UNCHANGED
2026-10-09,V-Varen Nagasaki,15,15,0,32.38,32.38,⚪ Unranked,⚪ Unranked,UNCHANGED
2026-10-09,Gamba Osaka,16,16,0,23.18,23.18,⚪ Unranked,⚪ Unranked,UNCHANGED
2026-10-09,JEF United Ichihara-Chiba,17,17,0,17.9,17.9,⚪ Unranked,⚪ Unranked,UNCHANGED
2026-10-09,Nagoya Grampus,18,18,0,17.56,17.56,⚪ Unranked,⚪ Unranked,UNCHANGED
2026-10-09,Avispa Fukuoka,19,19,0,16.07,16.07,⚪ Unranked,⚪ Unranked,UNCHANGED
2026-10-09,Tokyo Verdy 1969,20,20,0,15.93,15.93,⚪ Unranked,⚪ Unranked,UNCHANGED
2026-10-09,Al Hilal,1,1,0,87.72,87.72,🟢 Elite,🟢 Elite,UNCHANGED
2026-10-09,Al Ittihad,2,2,0,84.35,84.35,🟢 Elite,🟢 Elite,UNCHANGED
2026-10-09,Al Qadsiah,3,3,0,80.52,80.52,🟢 Elite,🟢 Elite,UNCHANGED
2026-10-09,Al Nassr,4,4,0,76.74,76.74,🟡 Reliable,🟡 Reliable,UNCHANGED
2026-10-09,Neom SC,5,5,0,69.35,69.35,🟡 Reliable,🟡 Reliable,UNCHANGED
2026-10-09,Al Kholood,6,6,0,59.06,59.06,🟠 Form-dependent,🟠 Form-dependent,UNCHANGED
2026-10-09,Al Ahli,7,7,0,57.92,57.92,🟠 Form-dependent,🟠 Form-dependent,UNCHANGED
2026-10-09,Al Diriyah,8,8,0,56.0,56.0,🟠 Form-dependent,🟠 Form-dependent,UNCHANGED
2026-10-09,Al Ettifaq,9,9,0,48.06,48.06,⚪ Unranked,⚪ Unranked,UNCHANGED
2026-10-09,Al Riyadh,10,10,0,43.79,43.79,⚪ Unranked,⚪ Unranked,UNCHANGED
2026-10-09,Al Hazem,11,11,0,40.97,40.97,⚪ Unranked,⚪ Unranked,UNCHANGED
2026-10-09,Al Fayha,12,12,0,36.17,36.17,⚪ Unranked,⚪ Unranked,UNCHANGED
2026-10-09,Al Khaleej,13,13,0,26.5,26.5,⚪ Unranked,⚪ Unranked,UNCHANGED
2026-10-09,Al Shabab,14,14,0,23.93,23.93,⚪ Unranked,⚪ Unranked,UNCHANGED
2026-10-09,Al Fateh,15,15,0,20.22,20.22,⚪ Unranked,⚪ Unranked,UNCHANGED
2026-10-09,Al Faisaly,16,16,0,18.44,18.44,⚪ Unranked,⚪ Unranked,UNCHANGED
2026-10-09,Al Taawoun,17,17,0,14.67,14.67,⚪ Unranked,⚪ Unranked,UNCHANGED
2026-10-09,Abha,18,18,0,11.98,11.98,⚪ Unranked,⚪ Unranked,UNCHANGED
2026-10-09,SC East Bengal,1,1,0,88.36,88.36,🟢 Elite,🟢 Elite,UNCHANGED
2026-10-09,Mohun Bagan Super Giant,2,2,0,85.48,85.48,🟢 Elite,🟢 Elite,UNCHANGED
2026-10-09,Mumbai City FC,3,3,0,81.76,81.76,🟢 Elite,🟢 Elite,UNCHANGED
2026-10-09,Bengaluru FC,4,4,0,67.64,67.64,🟡 Reliable,🟡 Reliable,UNCHANGED
2026-10-09,Kerala Blasters FC,5,5,0,64.06,64.06,🟠 Form-dependent,🟠 Form-dependent,UNCHANGED
2026-10-09,NorthEast United FC,6,6,0,60.75,60.75,🟠 Form-dependent,🟠 Form-dependent,UNCHANGED
2026-10-09,Punjab FC,7,7,0,43.2,43.2,⚪ Unranked,⚪ Unranked,UNCHANGED
2026-10-09,FC Goa,8,8,0,37.19,37.19,⚪ Unranked,⚪ Unranked,UNCHANGED
2026-10-09,Odisha FC,9,9,0,29.19,29.19,⚪ Unranked,⚪ Unranked,UNCHANGED
2026-10-09,Inter Kashi,10,10,0,24.54,24.54,⚪ Unranked,⚪ Unranked,UNCHANGED
2026-10-09,Sporting Club Delhi,11,11,0,21.38,21.38,⚪ Unranked,⚪ Unranked,UNCHANGED
2026-10-09,Chennaiyin FC,12,12,0,21.27,21.27,⚪ Unranked,⚪ Unranked,UNCHANGED
2026-10-09,Churchill Brothers,13,13,0,0.0,0.0,⚪ Unranked,⚪ Unranked,UNCHANGED
2026-10-09,FC Seoul,1,1,0,63.32,63.32,🟠 Form-dependent,🟠 Form-dependent,UNCHANGED
2026-10-09,Gangwon FC,6,2,-4,55.15,59.97,🟠 Form-dependent,🟠 Form-dependent,CHANGED
2026-10-09,Jeju SK,3,3,0,59.21,57.17,🟠 Form-dependent,🟠 Form-dependent,UNCHANGED
2026-10-09,Jeonbuk Hyundai Motors,2,4,2,59.3,56.72,🟠 Form-dependent,🟠 Form-dependent,CHANGED
2026-10-09,Daejeon Hana Citizen,5,5,0,55.65,56.22,🟠 Form-dependent,🟠 Form-dependent,UNCHANGED
2026-10-09,Ulsan HD,4,6,2,56.14,56.14,🟠 Form-dependent,🟠 Form-dependent,CHANGED
2026-10-09,Incheon United,8,7,-1,43.04,45.78,⚪ Unranked,⚪ Unranked,CHANGED
2026-10-09,Pohang Steelers,7,8,1,48.62,41.09,⚪ Unranked,⚪ Unranked,CHANGED
2026-10-09,FC Anyang,9,9,0,37.59,37.59,⚪ Unranked,⚪ Unranked,UNCHANGED
2026-10-09,Gwangju FC,11,10,-1,33.23,33.23,⚪ Unranked,⚪ Unranked,CHANGED
2026-10-09,Bucheon FC 1995,10,11,1,34.62,32.52,⚪ Unranked,⚪ Unranked,CHANGED
2026-10-09,Gimcheon Sangmu[b],12,12,0,31.5,31.5,⚪ Unranked,⚪ Unranked,UNCHANGED
2026-10-09,BEIJING GUOAN,1,1,0,70.75,70.75,🟡 Reliable,🟡 Reliable,UNCHANGED
2026-10-09,Chengdu Rongcheng,2,2,0,69.98,69.98,🟡 Reliable,🟡 Reliable,UNCHANGED
2026-10-09,Dalian Yingbo,3,3,0,63.22,63.22,🟠 Form-dependent,🟠 Form-dependent,UNCHANGED
2026-10-09,Yunnan Yukun,4,4,0,63.1,63.1,🟠 Form-dependent,🟠 Form-dependent,UNCHANGED
2026-10-09,Shandong Taishan,5,5,0,61.76,61.76,🟠 Form-dependent,🟠 Form-dependent,UNCHANGED
2026-10-09,Shanghai Port,6,6,0,60.17,60.17,🟠 Form-dependent,🟠 Form-dependent,UNCHANGED
2026-10-09,Shanghai Shenhua,7,7,0,55.79,55.79,🟠 Form-dependent,🟠 Form-dependent,UNCHANGED
2026-10-09,Qingdao West Coast,8,8,0,55.52,55.52,🟠 Form-dependent,🟠 Form-dependent,UNCHANGED
2026-10-09,Zhejiang Professional FC,9,9,0,47.93,47.93,⚪ Unranked,⚪ Unranked,UNCHANGED
2026-10-09,Tianjin Jinmen Tiger,10,10,0,42.55,42.55,⚪ Unranked,⚪ Unranked,UNCHANGED
2026-10-09,Shenzhen Xinpengcheng,11,11,0,36.42,36.42,⚪ Unranked,⚪ Unranked,UNCHANGED
2026-10-09,Henan,12,12,0,35.6,35.6,⚪ Unranked,⚪ Unranked,UNCHANGED
2026-10-09,Chongqing Tonglianglong,13,13,0,34.3,34.3,⚪ Unranked,⚪ Unranked,UNCHANGED
2026-10-09,Wuhan Three Towns,14,14,0,30.75,30.75,⚪ Unranked,⚪ Unranked,UNCHANGED
2026-10-09,Liaoning Tieren,15,15,0,22.1,22.1,⚪ Unranked,⚪ Unranked,UNCHANGED
2026-10-09,Qingdao Hainiu,16,16,0,15.1,15.1,⚪ Unranked,⚪ Unranked,UNCHANGED
2026-10-09,Al Sadd,1,1,0,80.36,80.36,🟢 Elite,🟢 Elite,UNCHANGED
2026-10-09,Al-Shamal,2,2,0,76.22,76.22,🟡 Reliable,🟡 Reliable,UNCHANGED
2026-10-09,Al-Rayyan,3,3,0,67.58,67.58,🟡 Reliable,🟡 Reliable,UNCHANGED
2026-10-09,Al Duhail,4,4,0,60.34,60.34,🟠 Form-dependent,🟠 Form-dependent,UNCHANGED
2026-10-09,Al-Arabi,5,5,0,57.49,57.49,🟠 Form-dependent,🟠 Form-dependent,UNCHANGED
2026-10-09,Al-Gharafa,6,6,0,53.83,53.83,🟠 Form-dependent,🟠 Form-dependent,UNCHANGED
2026-10-09,Qatar SC,7,7,0,52.4,52.4,🟠 Form-dependent,🟠 Form-dependent,UNCHANGED
2026-10-09,Al-Wakrah,8,8,0,49.45,49.45,⚪ Unranked,⚪ Unranked,UNCHANGED
2026-10-09,Al Ahli,9,9,0,38.3,38.3,⚪ Unranked,⚪ Unranked,UNCHANGED
2026-10-09,Umm Salal,10,10,0,31.23,31.23,⚪ Unranked,⚪ Unranked,UNCHANGED
2026-10-09,Al-Sailiya,11,11,0,29.94,29.94,⚪ Unranked,⚪ Unranked,UNCHANGED
2026-10-09,Al Shahaniya,12,12,0,24.95,24.95,⚪ Unranked,⚪ Unranked,UNCHANGED
2026-10-09,Al Ain,1,1,0,93.01,93.01,🟢 Elite,🟢 Elite,UNCHANGED
2026-10-09,Shabab Al Ahli,2,2,0,82.94,82.94,🟢 Elite,🟢 Elite,UNCHANGED
2026-10-09,Al Jazira,3,3,0,60.27,60.27,🟠 Form-dependent,🟠 Form-dependent,UNCHANGED
2026-10-09,Al Wasl,4,4,0,59.84,59.84,🟠 Form-dependent,🟠 Form-dependent,UNCHANGED
2026-10-09,Ajman,5,5,0,56.83,56.83,🟠 Form-dependent,🟠 Form-dependent,UNCHANGED
2026-10-09,Al Wahda,6,6,0,56.3,56.3,🟠 Form-dependent,🟠 Form-dependent,UNCHANGED
2026-10-09,Al Nasr,7,7,0,54.61,54.61,🟠 Form-dependent,🟠 Form-dependent,UNCHANGED
2026-10-09,Sharjah,8,8,0,47.66,47.66,⚪ Unranked,⚪ Unranked,UNCHANGED
2026-10-09,Baniyas,9,9,0,37.14,37.14,⚪ Unranked,⚪ Unranked,UNCHANGED
2026-10-09,Al Bataeh,10,10,0,32.39,32.39,⚪ Unranked,⚪ Unranked,UNCHANGED
2026-10-09,Khor Fakkan,11,11,0,32.0,32.0,⚪ Unranked,⚪ Unranked,UNCHANGED
2026-10-09,Kalba,12,12,0,31.88,31.88,⚪ Unranked,⚪ Unranked,UNCHANGED
2026-10-09,Al Dhafra,13,13,0,26.66,26.66,⚪ Unranked,⚪ Unranked,UNCHANGED
2026-10-09,Dibba,14,14,0,15.9,15.9,⚪ Unranked,⚪ Unranked,UNCHANGED
2026-10-09,Sydney FC,1,1,0,80.11,80.11,🟡 Reliable,🟡 Reliable,UNCHANGED
2026-10-09,Adelaide United,2,2,0,74.64,74.64,🟡 Reliable,🟡 Reliable,UNCHANGED
2026-10-09,Melbourne City,3,3,0,69.45,69.45,🟡 Reliable,🟡 Reliable,UNCHANGED
2026-10-09,Melbourne Victory,4,4,0,60.62,60.62,🟠 Form-dependent,🟠 Form-dependent,UNCHANGED
2026-10-09,Central Coast Mariners,5,5,0,52.47,52.47,🟠 Form-dependent,🟠 Form-dependent,UNCHANGED
2026-10-09,Western Sydney,6,6,0,38.83,38.83,⚪ Unranked,⚪ Unranked,UNCHANGED
2026-10-09,Perth Glory,7,7,0,37.95,37.95,⚪ Unranked,⚪ Unranked,UNCHANGED
2026-10-09,Brisbane Roar,8,8,0,28.81,28.81,⚪ Unranked,⚪ Unranked,UNCHANGED
2026-10-09,Newcastle Jets,9,9,0,25.67,25.67,⚪ Unranked,⚪ Unranked,UNCHANGED
2026-10-09,Wellington Phoenix,10,10,0,22.88,22.88,⚪ Unranked,⚪ Unranked,UNCHANGED
2026-10-09,St. Louis CITY SC,1,1,0,75.76,75.76,🟡 Reliable,🟡 Reliable,UNCHANGED
2026-10-09,Nashville SC,2,2,0,74.95,74.95,🟡 Reliable,🟡 Reliable,UNCHANGED
2026-10-09,FC Dallas,3,3,0,74.52,74.52,🟡 Reliable,🟡 Reliable,UNCHANGED
2026-10-09,Vancouver Whitecaps,4,4,0,67.96,67.94,🟡 Reliable,🟡 Reliable,UNCHANGED
2026-10-09,San Jose Earthquakes,5,5,0,66.46,66.45,🟡 Reliable,🟡 Reliable,UNCHANGED
2026-10-09,New England Revolution,6,6,0,64.98,64.98,🟠 Form-dependent,🟠 Form-dependent,UNCHANGED
2026-10-09,Philadelphia Union,7,7,0,64.73,64.73,🟠 Form-dependent,🟠 Form-dependent,UNCHANGED
2026-10-09,Chicago Fire FC,8,8,0,59.86,59.96,🟠 Form-dependent,🟠 Form-dependent,UNCHANGED
2026-10-09,Seattle Sounders FC,9,9,0,58.18,58.18,🟠 Form-dependent,🟠 Form-dependent,UNCHANGED
2026-10-09,Charlotte FC,10,10,0,58.11,58.1,🟠 Form-dependent,🟠 Form-dependent,UNCHANGED
2026-10-09,Inter Miami CF,11,11,0,56.89,56.89,🟠 Form-dependent,🟠 Form-dependent,UNCHANGED
2026-10-09,Houston Dynamo FC,12,12,0,53.4,53.39,🟠 Form-dependent,🟠 Form-dependent,UNCHANGED
2026-10-09,Orlando City SC,13,13,0,49.09,49.09,⚪ Unranked,⚪ Unranked,UNCHANGED
2026-10-09,LAFC,14,14,0,48.93,48.93,⚪ Unranked,⚪ Unranked,UNCHANGED
2026-10-09,LA Galaxy,15,15,0,47.5,47.5,⚪ Unranked,⚪ Unranked,UNCHANGED
2026-10-09,Colorado Rapids,16,16,0,45.48,45.48,⚪ Unranked,⚪ Unranked,UNCHANGED
2026-10-09,Red Bull New York,17,17,0,42.05,42.05,⚪ Unranked,⚪ Unranked,UNCHANGED
2026-10-09,New York City FC,18,18,0,41.71,41.71,⚪ Unranked,⚪ Unranked,UNCHANGED
2026-10-09,Columbus Crew,19,19,0,40.77,40.77,⚪ Unranked,⚪ Unranked,UNCHANGED
2026-10-09,FC Cincinnati,20,20,0,40.6,40.6,⚪ Unranked,⚪ Unranked,UNCHANGED
2026-10-09,Austin FC,21,21,0,37.9,37.9,⚪ Unranked,⚪ Unranked,UNCHANGED
2026-10-09,D.C. United,22,22,0,35.38,35.38,⚪ Unranked,⚪ Unranked,UNCHANGED
2026-10-09,Portland Timbers,23,23,0,35.11,35.11,⚪ Unranked,⚪ Unranked,UNCHANGED
2026-10-09,San Diego FC,24,24,0,32.57,32.57,⚪ Unranked,⚪ Unranked,UNCHANGED
2026-10-09,Real Salt Lake,25,25,0,32.24,32.24,⚪ Unranked,⚪ Unranked,UNCHANGED
2026-10-09,Atlanta United FC,26,26,0,29.68,29.68,⚪ Unranked,⚪ Unranked,UNCHANGED
2026-10-09,Toronto FC,27,27,0,27.73,27.73,⚪ Unranked,⚪ Unranked,UNCHANGED
2026-10-09,Sporting Kansas City,28,28,0,24.11,24.11,⚪ Unranked,⚪ Unranked,UNCHANGED
2026-10-09,Minnesota United FC,29,29,0,21.49,21.49,⚪ Unranked,⚪ Unranked,UNCHANGED
2026-10-09,CF Montréal,30,30,0,21.45,21.45,⚪ Unranked,⚪ Unranked,UNCHANGED
2026-10-09,América,1,1,0,77.25,77.25,🟡 Reliable,🟡 Reliable,UNCHANGED
2026-10-09,Toluca,2,2,0,76.03,76.03,🟡 Reliable,🟡 Reliable,UNCHANGED
2026-10-09,Querétaro,3,3,0,68.89,68.89,🟡 Reliable,🟡 Reliable,UNCHANGED
2026-10-09,Guadalajara,4,4,0,66.34,66.34,🟡 Reliable,🟡 Reliable,UNCHANGED
2026-10-09,León,5,5,0,61.42,61.42,🟠 Form-dependent,🟠 Form-dependent,UNCHANGED
2026-10-09,Cruz Azul,6,6,0,60.5,60.5,🟠 Form-dependent,🟠 Form-dependent,UNCHANGED
2026-10-09,Atlas,7,7,0,53.58,53.58,🟠 Form-dependent,🟠 Form-dependent,UNCHANGED
2026-10-09,Tijuana,8,8,0,46.61,46.61,⚪ Unranked,⚪ Unranked,UNCHANGED
2026-10-09,Pachuca,9,9,0,46.35,46.35,⚪ Unranked,⚪ Unranked,UNCHANGED
2026-10-09,Atlético de San Luis,10,10,0,44.08,44.08,⚪ Unranked,⚪ Unranked,UNCHANGED
2026-10-09,Puebla,11,11,0,43.68,43.68,⚪ Unranked,⚪ Unranked,UNCHANGED
2026-10-09,Monterrey,12,12,0,43.06,43.06,⚪ Unranked,⚪ Unranked,UNCHANGED
2026-10-09,Santos,13,13,0,38.9,38.9,⚪ Unranked,⚪ Unranked,UNCHANGED
2026-10-09,Pumas UNAM,14,14,0,36.73,36.73,⚪ Unranked,⚪ Unranked,UNCHANGED
2026-10-09,Atlante,15,15,0,36.05,36.05,⚪ Unranked,⚪ Unranked,UNCHANGED
2026-10-09,Tigres UANL,16,16,0,34.02,34.02,⚪ Unranked,⚪ Unranked,UNCHANGED
2026-10-09,FC Juárez,17,17,0,21.9,21.9,⚪ Unranked,⚪ Unranked,UNCHANGED
2026-10-09,Necaxa,18,18,0,17.75,17.75,⚪ Unranked,⚪ Unranked,UNCHANGED
2026-10-09,Palmeiras,1,1,0,80.62,80.92,🟢 Elite,🟢 Elite,UNCHANGED
2026-10-09,Flamengo,2,2,0,75.44,71.81,🟡 Reliable,🟡 Reliable,UNCHANGED
2026-10-09,Athletico Paranaense,3,3,0,72.39,70.09,🟡 Reliable,🟡 Reliable,UNCHANGED
2026-10-09,Fluminense,5,4,-1,67.26,69.05,🟡 Reliable,🟡 Reliable,CHANGED
2026-10-09,Bahia,4,5,1,67.57,61.92,🟡 Reliable,🟠 Form-dependent,CHANGED
2026-10-09,Cruzeiro,7,6,-1,58.92,59.53,🟠 Form-dependent,🟠 Form-dependent,CHANGED
2026-10-09,Santos,8,7,-1,56.55,58.01,🟠 Form-dependent,🟠 Form-dependent,CHANGED
2026-10-09,Atlético-MG,6,8,2,60.91,57.53,🟠 Form-dependent,🟠 Form-dependent,CHANGED
2026-10-09,Vasco da Gama,10,9,-1,45.18,45.98,⚪ Unranked,⚪ Unranked,CHANGED
2026-10-09,Coritiba,9,10,1,49.87,44.33,⚪ Unranked,⚪ Unranked,CHANGED
2026-10-09,Vitória,12,11,-1,43.12,43.95,⚪ Unranked,⚪ Unranked,CHANGED
2026-10-09,Botafogo,11,12,1,43.21,42.41,⚪ Unranked,⚪ Unranked,CHANGED
2026-10-09,Mirassol,13,13,0,40.72,40.72,⚪ Unranked,⚪ Unranked,UNCHANGED
2026-10-09,Internacional,15,14,-1,39.15,39.98,⚪ Unranked,⚪ Unranked,CHANGED
2026-10-09,São Paulo,14,15,1,39.88,39.67,⚪ Unranked,⚪ Unranked,CHANGED
2026-10-09,Red Bull Bragantino,16,16,0,38.43,38.76,⚪ Unranked,⚪ Unranked,UNCHANGED
2026-10-09,Corinthians,17,17,0,33.19,32.64,⚪ Unranked,⚪ Unranked,UNCHANGED
2026-10-09,Grêmio,18,18,0,30.64,30.11,⚪ Unranked,⚪ Unranked,UNCHANGED
2026-10-09,Chapecoense,19,19,0,20.51,19.85,⚪ Unranked,⚪ Unranked,UNCHANGED
2026-10-09,Remo,20,20,0,18.18,18.38,⚪ Unranked,⚪ Unranked,UNCHANGED
2026-10-09,Instituto (Córdoba),1,1,0,82.5,82.51,🟢 Elite,🟢 Elite,UNCHANGED
2026-10-09,Boca Juniors,2,2,0,76.71,76.7,🟡 Reliable,🟡 Reliable,UNCHANGED
2026-10-09,Defensa y Justicia,3,3,0,70.86,70.85,🟡 Reliable,🟡 Reliable,UNCHANGED
2026-10-09,Argentinos Juniors,4,4,0,68.54,68.55,🟡 Reliable,🟡 Reliable,UNCHANGED
2026-10-09,Vélez Sarsfield,5,5,0,67.09,67.13,🟡 Reliable,🟡 Reliable,UNCHANGED
2026-10-09,Huracán,6,6,0,66.78,66.81,🟡 Reliable,🟡 Reliable,UNCHANGED
2026-10-09,Belgrano (Córdoba),7,7,0,65.35,65.4,🟡 Reliable,🟡 Reliable,UNCHANGED
2026-10-09,Independiente Rivadavia,8,8,0,63.1,63.09,🟠 Form-dependent,🟠 Form-dependent,UNCHANGED
2026-10-09,Rosario Central,9,9,0,62.26,62.25,🟠 Form-dependent,🟠 Form-dependent,UNCHANGED
2026-10-09,Gimnasia La Plata,10,10,0,59.97,59.96,🟠 Form-dependent,🟠 Form-dependent,UNCHANGED
2026-10-09,Lanús,11,11,0,56.31,56.31,🟠 Form-dependent,🟠 Form-dependent,UNCHANGED
2026-10-09,Independiente,12,12,0,53.1,53.09,🟠 Form-dependent,🟠 Form-dependent,UNCHANGED
2026-10-09,Newell's Old Boys,13,13,0,51.95,51.95,🟠 Form-dependent,🟠 Form-dependent,UNCHANGED
2026-10-09,Sarmiento (Junín),14,14,0,51.3,51.3,🟠 Form-dependent,🟠 Form-dependent,UNCHANGED
2026-10-09,Gimnasia (Mendoza),15,15,0,49.39,49.24,⚪ Unranked,⚪ Unranked,UNCHANGED
2026-10-09,River Plate,16,16,0,47.11,47.09,⚪ Unranked,⚪ Unranked,UNCHANGED
2026-10-09,Barracas Central,17,17,0,45.35,45.36,⚪ Unranked,⚪ Unranked,UNCHANGED
2026-10-09,Estudiantes de La Plata,18,18,0,44.34,44.52,⚪ Unranked,⚪ Unranked,UNCHANGED
2026-10-09,Unión (Santa Fe),19,19,0,39.87,39.85,⚪ Unranked,⚪ Unranked,UNCHANGED
2026-10-09,Racing Club,20,20,0,37.89,37.91,⚪ Unranked,⚪ Unranked,UNCHANGED
2026-10-09,Atlético Tucumán,21,21,0,37.48,37.46,⚪ Unranked,⚪ Unranked,UNCHANGED
2026-10-09,Deportivo Riestra,22,22,0,31.92,31.94,⚪ Unranked,⚪ Unranked,UNCHANGED
2026-10-09,Tigre,23,23,0,28.83,28.79,⚪ Unranked,⚪ Unranked,UNCHANGED
2026-10-09,Aldosivi,24,24,0,26.92,26.9,⚪ Unranked,⚪ Unranked,UNCHANGED
2026-10-09,Banfield,25,25,0,25.93,25.95,⚪ Unranked,⚪ Unranked,UNCHANGED
2026-10-09,Platense,26,26,0,22.97,22.91,⚪ Unranked,⚪ Unranked,UNCHANGED
2026-10-09,Central Córdoba (Santiago del Estero),27,27,0,22.84,22.88,⚪ Unranked,⚪ Unranked,UNCHANGED
2026-10-09,San Lorenzo,28,28,0,22.23,22.2,⚪ Unranked,⚪ Unranked,UNCHANGED
2026-10-09,Talleres (Córdoba),29,29,0,21.72,21.7,⚪ Unranked,⚪ Unranked,UNCHANGED
2026-10-09,Estudiantes de Río Cuarto,30,30,0,12.82,12.81,⚪ Unranked,⚪ Unranked,UNCHANGED
2026-10-09,Deportivo Cali,1,1,0,83.59,83.59,🟢 Elite,🟢 Elite,UNCHANGED
2026-10-09,América de Cali,3,2,-1,79.28,79.29,🟡 Reliable,🟡 Reliable,CHANGED
2026-10-09,Atlético Bucaramanga,2,3,1,79.37,78.38,🟡 Reliable,🟡 Reliable,CHANGED
2026-10-09,Independiente Santa Fe,5,4,-1,71.4,71.49,🟡 Reliable,🟡 Reliable,CHANGED
2026-10-09,Atlético Nacional,4,5,1,74.28,71.45,🟡 Reliable,🟡 Reliable,CHANGED
2026-10-09,Millonarios,6,6,0,62.0,61.58,🟠 Form-dependent,🟠 Form-dependent,UNCHANGED
2026-10-09,Independiente Medellín,7,7,0,53.15,53.11,🟠 Form-dependent,🟠 Form-dependent,UNCHANGED
2026-10-09,Cúcuta Deportivo,8,8,0,48.41,48.45,⚪ Unranked,⚪ Unranked,UNCHANGED
2026-10-09,Deportes Tolima,9,9,0,46.98,48.02,⚪ Unranked,⚪ Unranked,UNCHANGED
2026-10-09,Águilas Doradas,10,10,0,40.67,40.68,⚪ Unranked,⚪ Unranked,UNCHANGED
2026-10-09,Boyacá Chicó FC,11,11,0,39.33,39.32,⚪ Unranked,⚪ Unranked,UNCHANGED
2026-10-09,Llaneros FC,12,12,0,39.21,39.2,⚪ Unranked,⚪ Unranked,UNCHANGED
2026-10-09,Alianza FC,13,13,0,39.11,38.06,⚪ Unranked,⚪ Unranked,UNCHANGED
2026-10-09,Once Caldas,14,14,0,37.41,37.41,⚪ Unranked,⚪ Unranked,UNCHANGED
2026-10-09,Internacional de Bogotá,15,15,0,36.38,36.38,⚪ Unranked,⚪ Unranked,UNCHANGED
2026-10-09,Deportivo Pasto,16,16,0,31.49,31.5,⚪ Unranked,⚪ Unranked,UNCHANGED
2026-10-09,Atlético Junior,17,17,0,30.78,30.77,⚪ Unranked,⚪ Unranked,UNCHANGED
2026-10-09,Fortaleza CEIF,18,18,0,28.39,29.61,⚪ Unranked,⚪ Unranked,UNCHANGED
2026-10-09,Deportivo Pereira,19,19,0,18.41,18.39,⚪ Unranked,⚪ Unranked,UNCHANGED
2026-10-09,Jaguares de Córdoba,20,20,0,16.11,16.11,⚪ Unranked,⚪ Unranked,UNCHANGED
2026-10-09,Colo Colo,1,1,0,78.12,78.12,🟡 Reliable,🟡 Reliable,UNCHANGED
2026-10-09,Universidad Católica,2,2,0,75.45,75.45,🟡 Reliable,🟡 Reliable,UNCHANGED
2026-10-09,Universidad de Chile,3,3,0,68.14,68.14,🟡 Reliable,🟡 Reliable,UNCHANGED
2026-10-09,Everton CD,4,4,0,65.03,65.03,🟡 Reliable,🟡 Reliable,UNCHANGED
2026-10-09,Palestino,5,5,0,60.62,60.62,🟠 Form-dependent,🟠 Form-dependent,UNCHANGED
2026-10-09,Deportes Limache,6,6,0,57.98,57.98,🟠 Form-dependent,🟠 Form-dependent,UNCHANGED
2026-10-09,Deportes Concepcion,7,7,0,50.87,50.87,🟠 Form-dependent,🟠 Form-dependent,UNCHANGED
2026-10-09,La Serena,8,8,0,50.39,50.39,🟠 Form-dependent,🟠 Form-dependent,UNCHANGED
2026-10-09,Huachipato,9,9,0,46.85,46.85,⚪ Unranked,⚪ Unranked,UNCHANGED
2026-10-09,Ñublense,10,10,0,43.7,43.7,⚪ Unranked,⚪ Unranked,UNCHANGED
2026-10-09,Audax Italiano,11,11,0,42.11,42.11,⚪ Unranked,⚪ Unranked,UNCHANGED
2026-10-09,Coquimbo Unido,12,12,0,35.47,35.47,⚪ Unranked,⚪ Unranked,UNCHANGED
2026-10-09,Cobresal,13,13,0,34.61,34.61,⚪ Unranked,⚪ Unranked,UNCHANGED
2026-10-09,O'Higgins,14,14,0,32.34,32.34,⚪ Unranked,⚪ Unranked,UNCHANGED
2026-10-09,Universidad de Concepción,15,15,0,23.58,23.58,⚪ Unranked,⚪ Unranked,UNCHANGED
2026-10-09,Unión La Calera,16,16,0,21.23,21.23,⚪ Unranked,⚪ Unranked,UNCHANGED
2026-10-09,Deportivo Garcilaso,1,1,0,82.11,82.11,🟢 Elite,🟢 Elite,UNCHANGED
2026-10-09,Universitario,2,2,0,73.09,73.09,🟡 Reliable,🟡 Reliable,UNCHANGED
2026-10-09,Alianza Atlético,3,3,0,72.59,72.59,🟡 Reliable,🟡 Reliable,UNCHANGED
2026-10-09,Juan Pablo II,4,4,0,71.14,71.14,🟡 Reliable,🟡 Reliable,UNCHANGED
2026-10-09,Sport Huancayo,5,5,0,71.04,71.04,🟡 Reliable,🟡 Reliable,UNCHANGED
2026-10-09,Sporting Cristal,6,6,0,69.81,69.81,🟡 Reliable,🟡 Reliable,UNCHANGED
2026-10-09,Sport Boys,7,7,0,62.32,62.32,🟠 Form-dependent,🟠 Form-dependent,UNCHANGED
2026-10-09,Melgar,8,8,0,60.16,60.16,🟠 Form-dependent,🟠 Form-dependent,UNCHANGED
2026-10-09,Cusco FC,9,9,0,58.57,58.57,🟠 Form-dependent,🟠 Form-dependent,UNCHANGED
2026-10-09,Atlético Grau,10,10,0,52.53,50.32,🟠 Form-dependent,🟠 Form-dependent,UNCHANGED
2026-10-09,Alianza Lima,11,11,0,46.85,45.74,⚪ Unranked,⚪ Unranked,UNCHANGED
2026-10-09,FC Cajamarca,12,12,0,38.25,37.15,⚪ Unranked,⚪ Unranked,UNCHANGED
2026-10-09,Cienciano del Cusco,14,13,-1,28.48,36.75,⚪ Unranked,⚪ Unranked,CHANGED
2026-10-09,Comerciantes Unidos,13,14,1,32.1,31.0,⚪ Unranked,⚪ Unranked,CHANGED
2026-10-09,Los Chankas,16,15,-1,20.2,21.93,⚪ Unranked,⚪ Unranked,CHANGED
2026-10-09,ADT,17,16,-1,17.34,17.34,⚪ Unranked,⚪ Unranked,CHANGED
2026-10-09,Deportivo Moquegua,15,17,2,21.73,17.07,⚪ Unranked,⚪ Unranked,CHANGED
2026-10-09,UTC,18,18,0,7.06,7.06,⚪ Unranked,⚪ Unranked,UNCHANGED
2026-10-09,Birkenhead United,1,1,0,93.7,93.7,🟢 Elite,🟢 Elite,UNCHANGED
2026-10-09,Auckland City,2,2,0,78.45,78.45,🟡 Reliable,🟡 Reliable,UNCHANGED
2026-10-09,Eastern Suburbs,3,3,0,69.17,69.16,🟡 Reliable,🟡 Reliable,UNCHANGED
2026-10-09,Fencibles United,4,4,0,68.56,68.56,🟡 Reliable,🟡 Reliable,UNCHANGED
2026-10-09,Auckland United,5,5,0,65.84,65.84,🟡 Reliable,🟡 Reliable,UNCHANGED
2026-10-09,East Coast Bays,6,6,0,57.87,57.87,🟠 Form-dependent,🟠 Form-dependent,UNCHANGED
2026-10-09,Auckland FC Reserves[a],7,7,0,51.43,51.43,🟠 Form-dependent,🟠 Form-dependent,UNCHANGED
2026-10-09,Western Springs,8,8,0,39.77,39.77,⚪ Unranked,⚪ Unranked,UNCHANGED
2026-10-09,Melville United,9,9,0,39.65,39.65,⚪ Unranked,⚪ Unranked,UNCHANGED
2026-10-09,Tauranga City,10,10,0,32.57,32.57,⚪ Unranked,⚪ Unranked,UNCHANGED
2026-10-09,Bay Olympic,11,11,0,27.27,27.27,⚪ Unranked,⚪ Unranked,UNCHANGED
2026-10-09,Manukau United,12,12,0,18.36,18.36,⚪ Unranked,⚪ Unranked,UNCHANGED
2026-10-09,Gor Mahia,1,1,0,72.65,72.65,🟡 Reliable,🟡 Reliable,UNCHANGED
2026-10-09,AFC Leopards,2,2,0,70.62,70.62,🟡 Reliable,🟡 Reliable,UNCHANGED
2026-10-09,Kenya Police,3,3,0,61.99,61.99,🟠 Form-dependent,🟠 Form-dependent,UNCHANGED
2026-10-09,Nairobi United,4,4,0,61.71,61.71,🟠 Form-dependent,🟠 Form-dependent,UNCHANGED
2026-10-09,APS Bomet,5,5,0,59.28,59.28,🟠 Form-dependent,🟠 Form-dependent,UNCHANGED
2026-10-09,Murang'a Seal FC,6,6,0,55.17,55.17,🟠 Form-dependent,🟠 Form-dependent,UNCHANGED
2026-10-09,Shabana,7,7,0,53.36,53.36,🟠 Form-dependent,🟠 Form-dependent,UNCHANGED
2026-10-09,KCB,8,8,0,52.89,52.89,🟠 Form-dependent,🟠 Form-dependent,UNCHANGED
2026-10-09,Ulinzi Stars,9,9,0,47.15,47.15,⚪ Unranked,⚪ Unranked,UNCHANGED
2026-10-09,Kakamega Homeboyz,10,10,0,45.81,45.81,⚪ Unranked,⚪ Unranked,UNCHANGED
2026-10-09,Tusker FC,11,11,0,42.24,42.24,⚪ Unranked,⚪ Unranked,UNCHANGED
2026-10-09,Bandari Mtwara,12,12,0,39.92,39.92,⚪ Unranked,⚪ Unranked,UNCHANGED
2026-10-09,Mara Sugar,13,13,0,39.71,39.71,⚪ Unranked,⚪ Unranked,UNCHANGED
2026-10-09,Kariobangi Sharks,14,14,0,39.61,39.61,⚪ Unranked,⚪ Unranked,UNCHANGED
2026-10-09,Mathare United,15,15,0,39.29,39.29,⚪ Unranked,⚪ Unranked,UNCHANGED
2026-10-09,Posta Rangers,16,16,0,38.77,38.77,⚪ Unranked,⚪ Unranked,UNCHANGED
2026-10-09,Bidco United,17,17,0,23.36,23.36,⚪ Unranked,⚪ Unranked,UNCHANGED
2026-10-09,Sofapaka,18,18,0,14.64,14.64,⚪ Unranked,⚪ Unranked,UNCHANGED
2026-10-09,Port FC,1,1,0,81.25,81.25,🟢 Elite,🟢 Elite,UNCHANGED
2026-10-09,Ratchaburi FC,2,2,0,76.32,76.32,🟡 Reliable,🟡 Reliable,UNCHANGED
2026-10-09,Buriram United,3,3,0,73.87,73.87,🟡 Reliable,🟡 Reliable,UNCHANGED
2026-10-09,BG Pathum United,4,4,0,69.14,69.14,🟡 Reliable,🟡 Reliable,UNCHANGED
2026-10-09,PT Prachuap FC,5,5,0,59.25,59.25,🟠 Form-dependent,🟠 Form-dependent,UNCHANGED
2026-10-09,Chiangrai United,6,6,0,58.62,58.62,🟠 Form-dependent,🟠 Form-dependent,UNCHANGED
2026-10-09,Bangkok United,7,7,0,54.72,54.72,🟠 Form-dependent,🟠 Form-dependent,UNCHANGED
2026-10-09,Chonburi FC,8,8,0,51.17,51.17,🟠 Form-dependent,🟠 Form-dependent,UNCHANGED
2026-10-09,Rayong FC,9,9,0,41.99,41.99,⚪ Unranked,⚪ Unranked,UNCHANGED
2026-10-09,Lamphun Warriors,10,10,0,35.97,35.97,⚪ Unranked,⚪ Unranked,UNCHANGED
2026-10-09,Uthai Thani FC,11,11,0,34.49,34.49,⚪ Unranked,⚪ Unranked,UNCHANGED
2026-10-09,Muangthong United,12,12,0,33.9,33.9,⚪ Unranked,⚪ Unranked,UNCHANGED
2026-10-09,Sukhothai FC,13,13,0,28.76,28.76,⚪ Unranked,⚪ Unranked,UNCHANGED
2026-10-09,Nakhon Ratchasima FC,14,14,0,27.89,27.89,⚪ Unranked,⚪ Unranked,UNCHANGED
2026-10-09,Ayutthaya United,15,15,0,27.85,27.85,⚪ Unranked,⚪ Unranked,UNCHANGED
2026-10-09,Kanchanaburi Power FC,16,16,0,15.79,15.79,⚪ Unranked,⚪ Unranked,UNCHANGED
2026-10-09,Borneo FC,1,1,0,85.99,85.99,🟢 Elite,🟢 Elite,UNCHANGED
2026-10-09,Persib,2,2,0,84.0,84.0,🟢 Elite,🟢 Elite,UNCHANGED
2026-10-09,Persija,3,3,0,77.89,77.89,🟡 Reliable,🟡 Reliable,UNCHANGED
2026-10-09,Persebaya Surabaya,4,4,0,74.37,74.37,🟡 Reliable,🟡 Reliable,UNCHANGED
2026-10-09,Dewa United,5,5,0,59.54,59.54,🟠 Form-dependent,🟠 Form-dependent,UNCHANGED
2026-10-09,Malut United,6,6,0,57.68,57.68,🟠 Form-dependent,🟠 Form-dependent,UNCHANGED
2026-10-09,Bali United,7,7,0,56.84,56.84,🟠 Form-dependent,🟠 Form-dependent,UNCHANGED
2026-10-09,Bhayangkara Presisi,8,8,0,55.18,55.18,🟠 Form-dependent,🟠 Form-dependent,UNCHANGED
2026-10-09,Arema Indonesia,9,9,0,54.43,54.43,🟠 Form-dependent,🟠 Form-dependent,UNCHANGED
2026-10-09,PSIM Yogyakarta,10,10,0,43.14,43.14,⚪ Unranked,⚪ Unranked,UNCHANGED
2026-10-09,Persita,11,11,0,40.9,40.9,⚪ Unranked,⚪ Unranked,UNCHANGED
2026-10-09,Madura United FC,12,12,0,40.58,40.58,⚪ Unranked,⚪ Unranked,UNCHANGED
2026-10-09,Persik Kediri,13,13,0,38.93,38.93,⚪ Unranked,⚪ Unranked,UNCHANGED
2026-10-09,Persijap,14,14,0,35.91,35.91,⚪ Unranked,⚪ Unranked,UNCHANGED
2026-10-09,Persis Solo,15,15,0,34.01,34.01,⚪ Unranked,⚪ Unranked,UNCHANGED
2026-10-09,PSM Makassar,16,16,0,27.11,27.11,⚪ Unranked,⚪ Unranked,UNCHANGED
2026-10-09,Semen Padang,17,17,0,12.42,12.42,⚪ Unranked,⚪ Unranked,UNCHANGED
2026-10-09,PSBS Biak,18,18,0,8.95,8.95,⚪ Unranked,⚪ Unranked,UNCHANGED
2026-10-09,Isidro Metapán,1,1,0,80.88,79.12,🟢 Elite,🟡 Reliable,CHANGED
2026-10-09,CD FAS,3,2,-1,73.07,77.23,🟡 Reliable,🟡 Reliable,CHANGED
2026-10-09,Luis Ángel Firpo,2,3,1,74.17,72.4,🟡 Reliable,🟡 Reliable,CHANGED
2026-10-09,Águila,4,4,0,62.69,62.7,🟠 Form-dependent,🟠 Form-dependent,UNCHANGED
2026-10-09,Internacional Santa Tecla,6,5,-1,52.19,52.18,🟠 Form-dependent,🟠 Form-dependent,CHANGED
2026-10-09,Alianza FC,5,6,1,55.14,48.1,🟠 Form-dependent,⚪ Unranked,CHANGED
2026-10-09,C.D. Platense,9,7,-2,36.55,41.91,⚪ Unranked,⚪ Unranked,CHANGED
2026-10-09,Inca Aruba,7,8,1,40.92,40.91,⚪ Unranked,⚪ Unranked,CHANGED
2026-10-09,CD Municipal Limeño,8,9,1,38.56,36.75,⚪ Unranked,⚪ Unranked,CHANGED
2026-10-09,Cacahuatique,11,10,-1,25.13,26.93,⚪ Unranked,⚪ Unranked,CHANGED
2026-10-09,Atletico Balboa,10,11,1,29.5,25.97,⚪ Unranked,⚪ Unranked,CHANGED
2026-10-09,Fuerte San Francisco,12,12,0,18.87,18.87,⚪ Unranked,⚪ Unranked,UNCHANGED
2026-10-09,Bolívar,1,1,0,87.09,87.09,🟢 Elite,🟢 Elite,UNCHANGED
2026-10-09,The Strongest,2,2,0,82.5,82.5,🟢 Elite,🟢 Elite,UNCHANGED
2026-10-09,Always Ready,3,3,0,81.55,81.55,🟢 Elite,🟢 Elite,UNCHANGED
2026-10-09,Real Potosí,4,4,0,61.9,61.9,🟠 Form-dependent,🟠 Form-dependent,UNCHANGED
2026-10-09,Oriente Petrolero,5,5,0,57.05,57.05,🟠 Form-dependent,🟠 Form-dependent,UNCHANGED
2026-10-09,Aurora,6,6,0,56.6,56.6,🟠 Form-dependent,🟠 Form-dependent,UNCHANGED
2026-10-09,Nacional Potosí,7,7,0,51.3,51.3,🟠 Form-dependent,🟠 Form-dependent,UNCHANGED
2026-10-09,Blooming,8,8,0,47.8,47.8,⚪ Unranked,⚪ Unranked,UNCHANGED
2026-10-09,Guabirá,9,9,0,47.64,47.64,⚪ Unranked,⚪ Unranked,UNCHANGED
2026-10-09,Independiente Petrolero,10,10,0,36.41,36.41,⚪ Unranked,⚪ Unranked,UNCHANGED
2026-10-09,Real Oruro,11,11,0,33.43,33.43,⚪ Unranked,⚪ Unranked,UNCHANGED
2026-10-09,Universitario de Vinto,12,12,0,32.54,32.54,⚪ Unranked,⚪ Unranked,UNCHANGED
2026-10-09,ABB,13,13,0,31.48,31.48,⚪ Unranked,⚪ Unranked,UNCHANGED
2026-10-09,San Antonio Bulo Bulo,14,14,0,27.46,27.46,⚪ Unranked,⚪ Unranked,UNCHANGED
2026-10-09,Real Tomayapo,15,15,0,23.22,23.22,⚪ Unranked,⚪ Unranked,UNCHANGED
2026-10-09,GV San José,16,16,0,17.32,17.32,⚪ Unranked,⚪ Unranked,UNCHANGED
2026-10-09,Metropolitanos,1,1,0,91.9,91.9,🟢 Elite,🟢 Elite,UNCHANGED
2026-10-09,Deportivo Táchira,2,2,0,74.64,74.64,🟡 Reliable,🟡 Reliable,UNCHANGED
2026-10-09,Carabobo,3,3,0,65.05,65.05,🟡 Reliable,🟡 Reliable,UNCHANGED
2026-10-09,Academia Puerto Cabello,4,4,0,60.5,60.5,🟠 Form-dependent,🟠 Form-dependent,UNCHANGED
2026-10-09,Portuguesa,5,5,0,54.22,54.22,🟠 Form-dependent,🟠 Form-dependent,UNCHANGED
2026-10-09,UCV FC,6,6,0,51.25,51.25,🟠 Form-dependent,🟠 Form-dependent,UNCHANGED
2026-10-09,Monagas SC,7,7,0,49.99,49.99,⚪ Unranked,⚪ Unranked,UNCHANGED
2026-10-09,Deportivo La Guaira,8,8,0,47.99,47.99,⚪ Unranked,⚪ Unranked,UNCHANGED
2026-10-09,Estudiantes de Mérida,9,9,0,46.65,46.65,⚪ Unranked,⚪ Unranked,UNCHANGED
2026-10-09,Rayo Zuliano,10,10,0,38.29,38.29,⚪ Unranked,⚪ Unranked,UNCHANGED
2026-10-09,Caracas FC,11,11,0,34.89,34.89,⚪ Unranked,⚪ Unranked,UNCHANGED
2026-10-09,Trujillanos,12,12,0,29.09,29.09,⚪ Unranked,⚪ Unranked,UNCHANGED
2026-10-09,Zamora FC,13,13,0,17.57,17.57,⚪ Unranked,⚪ Unranked,UNCHANGED
2026-10-09,Anzoátegui FC,14,14,0,12.57,12.57,⚪ Unranked,⚪ Unranked,UNCHANGED
2026-10-09,West Ham United,1,1,0,79.46,79.46,🟡 Reliable,🟡 Reliable,UNCHANGED
2026-10-09,Swansea City,2,2,0,77.04,77.04,🟡 Reliable,🟡 Reliable,UNCHANGED
2026-10-09,Wolverhampton Wanderers,3,3,0,72.06,72.06,🟡 Reliable,🟡 Reliable,UNCHANGED
2026-10-09,Middlesbrough,4,4,0,69.44,69.44,🟡 Reliable,🟡 Reliable,UNCHANGED
2026-10-09,Stoke City,5,5,0,68.75,68.75,🟡 Reliable,🟡 Reliable,UNCHANGED
2026-10-09,West Bromwich Albion,6,6,0,63.42,63.42,🟠 Form-dependent,🟠 Form-dependent,UNCHANGED
2026-10-09,Bristol City,7,7,0,59.72,59.72,🟠 Form-dependent,🟠 Form-dependent,UNCHANGED
2026-10-09,Queens Park Rangers,8,8,0,57.41,57.41,🟠 Form-dependent,🟠 Form-dependent,UNCHANGED
2026-10-09,Southampton,9,9,0,55.7,55.7,🟠 Form-dependent,🟠 Form-dependent,UNCHANGED
2026-10-09,Lincoln City,10,10,0,50.46,50.46,🟠 Form-dependent,🟠 Form-dependent,UNCHANGED
2026-10-09,Birmingham City,11,11,0,49.54,49.54,⚪ Unranked,⚪ Unranked,UNCHANGED
2026-10-09,Millwall,12,12,0,46.3,46.3,⚪ Unranked,⚪ Unranked,UNCHANGED
2026-10-09,Wrexham,13,13,0,46.3,46.3,⚪ Unranked,⚪ Unranked,UNCHANGED
2026-10-09,Charlton Athletic,14,14,0,45.61,45.61,⚪ Unranked,⚪ Unranked,UNCHANGED
2026-10-09,Bolton Wanderers,15,15,0,41.22,41.22,⚪ Unranked,⚪ Unranked,UNCHANGED
2026-10-09,Norwich City,16,16,0,38.2,38.2,⚪ Unranked,⚪ Unranked,UNCHANGED
2026-10-09,Blackburn Rovers,17,17,0,37.73,37.73,⚪ Unranked,⚪ Unranked,UNCHANGED
2026-10-09,Sheffield United,18,18,0,36.8,36.8,⚪ Unranked,⚪ Unranked,UNCHANGED
2026-10-09,Portsmouth,19,19,0,34.28,34.28,⚪ Unranked,⚪ Unranked,UNCHANGED
2026-10-09,Watford,20,20,0,27.32,27.32,⚪ Unranked,⚪ Unranked,UNCHANGED
2026-10-09,Cardiff City,21,21,0,26.85,26.85,⚪ Unranked,⚪ Unranked,UNCHANGED
2026-10-09,Derby County,22,22,0,21.81,21.81,⚪ Unranked,⚪ Unranked,UNCHANGED
2026-10-09,Preston North End,23,23,0,19.26,19.26,⚪ Unranked,⚪ Unranked,UNCHANGED
2026-10-09,Burnley,24,24,0,16.04,16.04,⚪ Unranked,⚪ Unranked,UNCHANGED
2026-10-09,Eibar,1,1,0,92.65,92.66,🟢 Elite,🟢 Elite,UNCHANGED
2026-10-09,Castellón,2,2,0,86.57,86.52,🟢 Elite,🟢 Elite,UNCHANGED
2026-10-09,Almería,3,3,0,85.35,85.37,🟢 Elite,🟢 Elite,UNCHANGED
2026-10-09,Girona,4,4,0,69.1,69.07,🟡 Reliable,🟡 Reliable,UNCHANGED
2026-10-09,Burgos,5,5,0,65.72,65.69,🟡 Reliable,🟡 Reliable,UNCHANGED
2026-10-09,Mallorca,6,6,0,63.72,63.69,🟠 Form-dependent,🟠 Form-dependent,UNCHANGED
2026-10-09,CD Sabadell,7,7,0,59.16,59.11,🟠 Form-dependent,🟠 Form-dependent,UNCHANGED
2026-10-09,Sporting Gijón,8,8,0,53.85,53.91,🟠 Form-dependent,🟠 Form-dependent,UNCHANGED
2026-10-09,Real Oviedo,9,9,0,50.28,50.23,🟠 Form-dependent,🟠 Form-dependent,UNCHANGED
2026-10-09,Granada,10,10,0,45.8,45.86,⚪ Unranked,⚪ Unranked,UNCHANGED
2026-10-09,Las Palmas,11,11,0,45.0,45.01,⚪ Unranked,⚪ Unranked,UNCHANGED
2026-10-09,Real Valladolid,12,12,0,44.14,44.17,⚪ Unranked,⚪ Unranked,UNCHANGED
2026-10-09,Tenerife,13,13,0,43.65,43.56,⚪ Unranked,⚪ Unranked,UNCHANGED
2026-10-09,Leganés,14,14,0,40.27,40.22,⚪ Unranked,⚪ Unranked,UNCHANGED
2026-10-09,Córdoba,15,15,0,37.58,37.94,⚪ Unranked,⚪ Unranked,UNCHANGED
2026-10-09,Eldense,16,16,0,36.74,36.74,⚪ Unranked,⚪ Unranked,UNCHANGED
2026-10-09,Real Sociedad II,17,17,0,32.55,32.48,⚪ Unranked,⚪ Unranked,UNCHANGED
2026-10-09,RC Celta Fortuna,18,18,0,29.56,29.5,⚪ Unranked,⚪ Unranked,UNCHANGED
2026-10-09,Cádiz,19,19,0,27.82,27.82,⚪ Unranked,⚪ Unranked,UNCHANGED
2026-10-09,FC Andorra,20,20,0,25.82,25.8,⚪ Unranked,⚪ Unranked,UNCHANGED
2026-10-09,Ceuta,21,21,0,21.86,21.89,⚪ Unranked,⚪ Unranked,UNCHANGED
2026-10-09,Albacete,22,22,0,7.87,7.87,⚪ Unranked,⚪ Unranked,UNCHANGED
2026-10-09,Palermo,1,1,0,85.87,85.87,🟢 Elite,🟢 Elite,UNCHANGED
2026-10-09,Sudtirol,2,2,0,78.73,78.74,🟡 Reliable,🟡 Reliable,UNCHANGED
2026-10-09,Mantova,3,3,0,71.49,71.48,🟡 Reliable,🟡 Reliable,UNCHANGED
2026-10-09,Ascoli,4,4,0,67.75,67.76,🟡 Reliable,🟡 Reliable,UNCHANGED
2026-10-09,Modena,5,5,0,58.4,58.4,🟠 Form-dependent,🟠 Form-dependent,UNCHANGED
2026-10-09,Hellas Verona,6,6,0,55.45,55.45,🟠 Form-dependent,🟠 Form-dependent,UNCHANGED
2026-10-09,Padova,7,7,0,55.06,55.06,🟠 Form-dependent,🟠 Form-dependent,UNCHANGED
2026-10-09,Benevento,8,8,0,55.01,55.02,🟠 Form-dependent,🟠 Form-dependent,UNCHANGED
2026-10-09,US Avellino,9,9,0,53.96,53.96,🟠 Form-dependent,🟠 Form-dependent,UNCHANGED
2026-10-09,Cesena,10,10,0,51.48,51.48,🟠 Form-dependent,🟠 Form-dependent,UNCHANGED
2026-10-09,Empoli,11,11,0,41.94,41.94,⚪ Unranked,⚪ Unranked,UNCHANGED
2026-10-09,Pisa,12,12,0,41.87,41.86,⚪ Unranked,⚪ Unranked,UNCHANGED
2026-10-09,Cremonese,13,13,0,40.61,40.62,⚪ Unranked,⚪ Unranked,UNCHANGED
2026-10-09,Arezzo,14,14,0,37.03,37.03,⚪ Unranked,⚪ Unranked,UNCHANGED
2026-10-09,Virtus Entella,15,15,0,35.72,35.71,⚪ Unranked,⚪ Unranked,UNCHANGED
2026-10-09,Vicenza,16,16,0,33.94,33.94,⚪ Unranked,⚪ Unranked,UNCHANGED
2026-10-09,Juve Stabia,17,17,0,31.31,31.31,⚪ Unranked,⚪ Unranked,UNCHANGED
2026-10-09,Sampdoria,18,18,0,23.92,23.92,⚪ Unranked,⚪ Unranked,UNCHANGED
2026-10-09,Catanzaro,19,19,0,22.44,22.44,⚪ Unranked,⚪ Unranked,UNCHANGED
2026-10-09,Carrarese,20,20,0,9.45,9.45,⚪ Unranked,⚪ Unranked,UNCHANGED
2026-10-09,Hertha Berlin,1,1,0,97.24,97.24,🟢 Elite,🟢 Elite,UNCHANGED
2026-10-09,1. FC Nürnberg,2,2,0,88.29,88.29,🟢 Elite,🟢 Elite,UNCHANGED
2026-10-09,1. FC Heidenheim 1846,3,3,0,73.46,73.46,🟡 Reliable,🟡 Reliable,UNCHANGED
2026-10-09,VfL Wolfsburg,4,4,0,69.65,69.65,🟡 Reliable,🟡 Reliable,UNCHANGED
2026-10-09,Kaiserslautern,5,5,0,66.66,66.66,🟡 Reliable,🟡 Reliable,UNCHANGED
2026-10-09,1. FC Magdeburg,6,6,0,63.27,63.27,🟠 Form-dependent,🟠 Form-dependent,UNCHANGED
2026-10-09,Energie Cottbus,7,7,0,48.46,48.46,⚪ Unranked,⚪ Unranked,UNCHANGED
2026-10-09,St. Pauli,8,8,0,46.61,46.61,⚪ Unranked,⚪ Unranked,UNCHANGED
2026-10-09,VfL Bochum,9,9,0,46.61,46.61,⚪ Unranked,⚪ Unranked,UNCHANGED
2026-10-09,Hannover 96,10,10,0,44.75,44.75,⚪ Unranked,⚪ Unranked,UNCHANGED
2026-10-09,VfL Osnabruck,11,11,0,42.91,42.91,⚪ Unranked,⚪ Unranked,UNCHANGED
2026-10-09,SpVgg Greuther Fürth,12,12,0,36.12,36.12,⚪ Unranked,⚪ Unranked,UNCHANGED
2026-10-09,Arminia Bielefeld,13,13,0,32.72,32.72,⚪ Unranked,⚪ Unranked,UNCHANGED
2026-10-09,Karlsruher SC,14,14,0,24.61,24.61,⚪ Unranked,⚪ Unranked,UNCHANGED
2026-10-09,Holstein Kiel,15,15,0,22.23,22.23,⚪ Unranked,⚪ Unranked,UNCHANGED
2026-10-09,Dynamo Dresden,16,16,0,21.67,21.67,⚪ Unranked,⚪ Unranked,UNCHANGED
2026-10-09,TSV Eintracht Braunschweig,17,17,0,20.68,20.68,⚪ Unranked,⚪ Unranked,UNCHANGED
2026-10-09,SV Darmstadt 98,18,18,0,17.75,17.75,⚪ Unranked,⚪ Unranked,UNCHANGED
2026-10-09,Saint-Étienne,1,1,0,80.25,80.25,🟡 Reliable,🟡 Reliable,UNCHANGED
2026-10-09,Stade de Reims,2,2,0,73.01,73.01,🟡 Reliable,🟡 Reliable,UNCHANGED
2026-10-09,Red Star FC 93,3,3,0,72.75,72.75,🟡 Reliable,🟡 Reliable,UNCHANGED
2026-10-09,Montpellier,4,4,0,62.81,62.81,🟠 Form-dependent,🟠 Form-dependent,UNCHANGED
2026-10-09,AS Nancy Lorraine,5,5,0,58.22,58.22,🟠 Form-dependent,🟠 Form-dependent,UNCHANGED
2026-10-09,Sochaux,6,6,0,55.07,55.07,🟠 Form-dependent,🟠 Form-dependent,UNCHANGED
2026-10-09,Metz,7,7,0,54.58,54.58,🟠 Form-dependent,🟠 Form-dependent,UNCHANGED
2026-10-09,Dijon FCO,8,8,0,49.95,49.95,⚪ Unranked,⚪ Unranked,UNCHANGED
2026-10-09,Annecy,9,9,0,47.32,47.32,⚪ Unranked,⚪ Unranked,UNCHANGED
2026-10-09,Pau,10,10,0,41.49,41.49,⚪ Unranked,⚪ Unranked,UNCHANGED
2026-10-09,Grenoble,11,11,0,39.47,39.47,⚪ Unranked,⚪ Unranked,UNCHANGED
2026-10-09,Guingamp,12,12,0,38.96,38.96,⚪ Unranked,⚪ Unranked,UNCHANGED
2026-10-09,Dunkerque,13,13,0,35.57,35.57,⚪ Unranked,⚪ Unranked,UNCHANGED
2026-10-09,Nantes,14,14,0,34.75,34.75,⚪ Unranked,⚪ Unranked,UNCHANGED
2026-10-09,Rodez Aveyron,15,15,0,31.27,31.27,⚪ Unranked,⚪ Unranked,UNCHANGED
2026-10-09,Clermont Foot,16,16,0,28.35,28.35,⚪ Unranked,⚪ Unranked,UNCHANGED
2026-10-09,Boulogne,17,17,0,23.44,23.44,⚪ Unranked,⚪ Unranked,UNCHANGED
2026-10-09,Stade Laval,18,18,0,17.02,17.02,⚪ Unranked,⚪ Unranked,UNCHANGED
2026-10-09,Heracles Almelo,1,1,0,82.5,82.49,🟡 Reliable,🟡 Reliable,UNCHANGED
2026-10-09,Almere City,2,2,0,80.44,80.45,🟢 Elite,🟢 Elite,UNCHANGED
2026-10-09,VVV-Venlo,3,3,0,70.27,70.29,🟡 Reliable,🟡 Reliable,UNCHANGED
2026-10-09,Roda JC Kerkrade,4,4,0,63.27,63.24,🟠 Form-dependent,🟠 Form-dependent,UNCHANGED
2026-10-09,FC Emmen,5,5,0,61.8,61.8,🟠 Form-dependent,🟠 Form-dependent,UNCHANGED
2026-10-09,RKC Waalwijk,6,6,0,58.93,58.92,🟠 Form-dependent,🟠 Form-dependent,UNCHANGED
2026-10-09,NAC Breda,7,7,0,56.58,56.58,🟠 Form-dependent,🟠 Form-dependent,UNCHANGED
2026-10-09,Jong AZ,8,8,0,55.71,55.7,🟠 Form-dependent,🟠 Form-dependent,UNCHANGED
2026-10-09,MVV Maastricht,9,9,0,52.43,52.4,🟠 Form-dependent,🟠 Form-dependent,UNCHANGED
2026-10-09,Vitesse,10,10,0,51.9,51.9,🟠 Form-dependent,🟠 Form-dependent,UNCHANGED
2026-10-09,FC Volendam,11,11,0,46.62,46.61,⚪ Unranked,⚪ Unranked,UNCHANGED
2026-10-09,FC Eindhoven,12,12,0,44.16,44.16,⚪ Unranked,⚪ Unranked,UNCHANGED
2026-10-09,Jong PSV,13,13,0,41.78,41.78,⚪ Unranked,⚪ Unranked,UNCHANGED
2026-10-09,Helmond Sport,14,14,0,39.14,39.14,⚪ Unranked,⚪ Unranked,UNCHANGED
2026-10-09,TOP Oss,15,15,0,36.12,36.15,⚪ Unranked,⚪ Unranked,UNCHANGED
2026-10-09,Jong Ajax,16,16,0,28.88,28.87,⚪ Unranked,⚪ Unranked,UNCHANGED
2026-10-09,Jong FC Utrecht,17,17,0,28.79,28.78,⚪ Unranked,⚪ Unranked,UNCHANGED
2026-10-09,De Graafschap,18,18,0,28.6,28.6,⚪ Unranked,⚪ Unranked,UNCHANGED
2026-10-09,FC Den Bosch,19,19,0,28.43,28.44,⚪ Unranked,⚪ Unranked,UNCHANGED
2026-10-09,FC Dordrecht,20,20,0,25.08,25.09,⚪ Unranked,⚪ Unranked,UNCHANGED
2026-10-09,Stenhousemuir,1,1,0,93.55,93.55,🟢 Elite,🟢 Elite,UNCHANGED
2026-10-09,Raith Rovers,2,2,0,69.1,69.1,🟡 Reliable,🟡 Reliable,UNCHANGED
2026-10-09,Dunfermline Athletic,3,3,0,61.37,61.37,🟠 Form-dependent,🟠 Form-dependent,UNCHANGED
2026-10-09,Partick Thistle,4,4,0,60.28,60.3,🟠 Form-dependent,🟠 Form-dependent,UNCHANGED
2026-10-09,Livingston,5,5,0,53.75,53.74,🟠 Form-dependent,🟠 Form-dependent,UNCHANGED
2026-10-09,Ayr United,6,6,0,41.83,41.86,⚪ Unranked,⚪ Unranked,UNCHANGED
2026-10-09,Inverness Caledonian Thistle,7,7,0,39.83,39.82,⚪ Unranked,⚪ Unranked,UNCHANGED
2026-10-09,Arbroath,8,8,0,36.06,36.05,⚪ Unranked,⚪ Unranked,UNCHANGED
2026-10-09,Queen's Park,9,9,0,15.67,15.67,⚪ Unranked,⚪ Unranked,UNCHANGED
2026-10-09,Greenock Morton,10,10,0,7.21,7.21,⚪ Unranked,⚪ Unranked,UNCHANGED
2026-10-09,Leones Negros,1,1,0,76.68,76.71,🟡 Reliable,🟡 Reliable,UNCHANGED
2026-10-09,Club Atlético Morelia,2,2,0,73.77,73.76,🟡 Reliable,🟡 Reliable,UNCHANGED
2026-10-09,Club Atlético La Paz,3,3,0,70.45,70.43,🟡 Reliable,🟡 Reliable,UNCHANGED
2026-10-09,Venados FC,4,4,0,65.2,65.21,🟡 Reliable,🟡 Reliable,UNCHANGED
2026-10-09,Piratas,5,5,0,64.32,64.32,🟠 Form-dependent,🟠 Form-dependent,UNCHANGED
2026-10-09,Durango,6,6,0,56.82,56.83,🟠 Form-dependent,🟠 Form-dependent,UNCHANGED
2026-10-09,Cancún FC,7,7,0,55.4,55.4,🟠 Form-dependent,🟠 Form-dependent,UNCHANGED
2026-10-09,Mineros de Zacatecas,8,8,0,53.39,53.38,🟠 Form-dependent,🟠 Form-dependent,UNCHANGED
2026-10-09,Correcaminos UAT,9,9,0,45.02,43.89,⚪ Unranked,⚪ Unranked,UNCHANGED
2026-10-09,Tapatío,10,10,0,41.06,41.05,⚪ Unranked,⚪ Unranked,UNCHANGED
2026-10-09,Tlaxcala FC,11,11,0,40.72,39.45,⚪ Unranked,⚪ Unranked,UNCHANGED
2026-10-09,Dorados de Sinaloa,12,12,0,38.47,38.44,⚪ Unranked,⚪ Unranked,UNCHANGED
2026-10-09,Alebrijes de Oaxaca,14,13,-1,24.35,32.68,⚪ Unranked,⚪ Unranked,CHANGED
2026-10-09,Club Jaiba Brava,13,14,1,30.23,28.96,⚪ Unranked,⚪ Unranked,CHANGED
2026-10-09,Cruz Azul Hidalgo,15,15,0,19.74,19.74,⚪ Unranked,⚪ Unranked,UNCHANGED
2026-10-09,Tepatitlán FC,16,16,0,15.78,15.78,⚪ Unranked,⚪ Unranked,UNCHANGED
2026-10-09,Juventude,1,1,0,71.4,71.42,🟡 Reliable,🟡 Reliable,UNCHANGED
2026-10-09,Vila Nova,2,2,0,71.18,70.76,🟡 Reliable,🟡 Reliable,UNCHANGED
2026-10-09,Novorizontino,4,3,-1,64.97,66.53,🟠 Form-dependent,🟡 Reliable,CHANGED
2026-10-09,Fortaleza,3,4,1,67.2,66.16,🟡 Reliable,🟡 Reliable,CHANGED
2026-10-09,Sport,5,5,0,64.26,64.22,🟠 Form-dependent,🟠 Form-dependent,UNCHANGED
2026-10-09,Atlético Goianiense,6,6,0,62.34,61.72,🟠 Form-dependent,🟠 Form-dependent,UNCHANGED
2026-10-09,CRB,7,7,0,59.06,59.78,🟠 Form-dependent,🟠 Form-dependent,UNCHANGED
2026-10-09,Criciúma,8,8,0,58.55,57.93,🟠 Form-dependent,🟠 Form-dependent,UNCHANGED
2026-10-09,Cuiabá,9,9,0,53.21,52.83,🟠 Form-dependent,🟠 Form-dependent,UNCHANGED
2026-10-09,Goiás,10,10,0,49.67,49.77,⚪ Unranked,⚪ Unranked,UNCHANGED
2026-10-09,São Bernardo,12,11,-1,48.39,48.32,⚪ Unranked,⚪ Unranked,CHANGED
2026-10-09,Operário PR,11,12,1,48.91,48.28,⚪ Unranked,⚪ Unranked,CHANGED
2026-10-09,Ceará,13,13,0,42.58,48.04,⚪ Unranked,⚪ Unranked,UNCHANGED
2026-10-09,Athletic,15,14,-1,38.99,40.17,⚪ Unranked,⚪ Unranked,CHANGED
2026-10-09,Náutico,14,15,1,40.89,39.02,⚪ Unranked,⚪ Unranked,CHANGED
2026-10-09,Botafogo-SP,16,16,0,37.45,38.08,⚪ Unranked,⚪ Unranked,UNCHANGED
2026-10-09,Avaí,17,17,0,29.56,30.19,⚪ Unranked,⚪ Unranked,UNCHANGED
2026-10-09,Londrina,18,18,0,25.47,24.89,⚪ Unranked,⚪ Unranked,UNCHANGED
2026-10-09,Ponte Preta,19,19,0,13.67,13.67,⚪ Unranked,⚪ Unranked,UNCHANGED
2026-10-09,América Mineiro,20,20,0,13.45,12.88,⚪ Unranked,⚪ Unranked,UNCHANGED
2026-10-09,Godoy Cruz Antonio Tomba,1,1,0,75.28,75.28,🟡 Reliable,🟡 Reliable,UNCHANGED
2026-10-09,Atlanta,2,2,0,72.83,72.83,🟡 Reliable,🟡 Reliable,UNCHANGED
2026-10-09,Deportivo Morón,3,3,0,70.45,70.45,🟡 Reliable,🟡 Reliable,UNCHANGED
2026-10-09,Ferro Carril Oeste,4,4,0,69.85,69.85,🟡 Reliable,🟡 Reliable,UNCHANGED
2026-10-09,Temperley,5,5,0,68.9,68.9,🟡 Reliable,🟡 Reliable,UNCHANGED
2026-10-09,Tristán Suárez,6,6,0,65.82,65.82,🟡 Reliable,🟡 Reliable,UNCHANGED
2026-10-09,Deportivo Madryn,7,7,0,65.72,65.72,🟡 Reliable,🟡 Reliable,UNCHANGED
2026-10-09,Gimnasia y Esgrima (Jujuy),8,8,0,62.73,62.73,🟠 Form-dependent,🟠 Form-dependent,UNCHANGED
2026-10-09,Colón (Santa Fe),9,9,0,58.99,58.99,🟠 Form-dependent,🟠 Form-dependent,UNCHANGED
2026-10-09,Deportivo Maipú,10,10,0,58.86,58.87,🟠 Form-dependent,🟠 Form-dependent,UNCHANGED
2026-10-09,Midland,11,11,0,56.48,56.48,🟠 Form-dependent,🟠 Form-dependent,UNCHANGED
2026-10-09,Colegiales,12,12,0,56.0,56.0,🟠 Form-dependent,🟠 Form-dependent,UNCHANGED
2026-10-09,Gimnasia y Tiro (Salta),13,13,0,55.48,55.48,🟠 Form-dependent,🟠 Form-dependent,UNCHANGED
2026-10-09,Estudiantes (Buenos Aires),14,14,0,54.94,54.94,🟠 Form-dependent,🟠 Form-dependent,UNCHANGED
2026-10-09,Ciudad de Bolívar,15,15,0,49.52,49.52,⚪ Unranked,⚪ Unranked,UNCHANGED
2026-10-09,San Martín (Tucumán),16,16,0,48.28,48.28,⚪ Unranked,⚪ Unranked,UNCHANGED
2026-10-09,San Telmo,17,17,0,45.48,45.49,⚪ Unranked,⚪ Unranked,UNCHANGED
2026-10-09,San Martín (San Juan),18,18,0,44.91,44.91,⚪ Unranked,⚪ Unranked,UNCHANGED
2026-10-09,Chaco For Ever,19,19,0,44.6,44.6,⚪ Unranked,⚪ Unranked,UNCHANGED
2026-10-09,Quilmes,20,20,0,44.58,44.58,⚪ Unranked,⚪ Unranked,UNCHANGED
2026-10-09,Almirante Brown,21,21,0,43.98,43.98,⚪ Unranked,⚪ Unranked,UNCHANGED
2026-10-09,Defensores de Belgrano,22,22,0,43.02,43.02,⚪ Unranked,⚪ Unranked,UNCHANGED
2026-10-09,Los Andes,23,23,0,42.33,42.33,⚪ Unranked,⚪ Unranked,UNCHANGED
2026-10-09,Atletico Rafaela,24,24,0,39.41,39.41,⚪ Unranked,⚪ Unranked,UNCHANGED
2026-10-09,Agropecuario,25,25,0,39.34,39.34,⚪ Unranked,⚪ Unranked,UNCHANGED
2026-10-09,Nueva Chicago,26,26,0,37.21,37.21,⚪ Unranked,⚪ Unranked,UNCHANGED
2026-10-09,Almagro,27,27,0,37.15,37.15,⚪ Unranked,⚪ Unranked,UNCHANGED
2026-10-09,Patronato,28,28,0,33.59,33.59,⚪ Unranked,⚪ Unranked,UNCHANGED
2026-10-09,Mitre (Santiago del Estero),29,29,0,32.56,32.56,⚪ Unranked,⚪ Unranked,UNCHANGED
2026-10-09,Chacarita Juniors,30,30,0,32.24,32.24,⚪ Unranked,⚪ Unranked,UNCHANGED
2026-10-09,Racing (Córdoba),31,31,0,29.25,29.25,⚪ Unranked,⚪ Unranked,UNCHANGED
2026-10-09,All Boys,32,32,0,28.74,28.74,⚪ Unranked,⚪ Unranked,UNCHANGED
2026-10-09,Central Norte,33,33,0,27.76,27.76,⚪ Unranked,⚪ Unranked,UNCHANGED
2026-10-09,Acassuso,34,34,0,26.79,26.79,⚪ Unranked,⚪ Unranked,UNCHANGED
2026-10-09,San Miguel,35,35,0,21.04,21.04,⚪ Unranked,⚪ Unranked,UNCHANGED
2026-10-09,Güemes,36,36,0,12.66,12.66,⚪ Unranked,⚪ Unranked,UNCHANGED
2026-10-09,Slavia Prague,1,1,0,92.86,92.86,🟢 Elite,🟢 Elite,UNCHANGED
2026-10-09,Slovan Liberec,2,2,0,76.42,76.42,🟡 Reliable,🟡 Reliable,UNCHANGED
2026-10-09,Mladá Boleslav,3,3,0,75.62,75.62,🟡 Reliable,🟡 Reliable,UNCHANGED
2026-10-09,Zbrojovka Brno,4,4,0,66.34,66.34,🟡 Reliable,🟡 Reliable,UNCHANGED
2026-10-09,Sigma Olomouc,5,5,0,65.15,65.15,🟡 Reliable,🟡 Reliable,UNCHANGED
2026-10-09,Teplice,6,6,0,59.69,59.69,🟠 Form-dependent,🟠 Form-dependent,UNCHANGED
2026-10-09,Sparta Prague,7,7,0,59.53,59.53,🟠 Form-dependent,🟠 Form-dependent,UNCHANGED
2026-10-09,Jablonec,8,8,0,55.34,55.34,🟠 Form-dependent,🟠 Form-dependent,UNCHANGED
2026-10-09,Hradec Králové,9,9,0,49.28,49.28,⚪ Unranked,⚪ Unranked,UNCHANGED
2026-10-09,Viktoria Plzeň,10,10,0,41.22,41.22,⚪ Unranked,⚪ Unranked,UNCHANGED
2026-10-09,Baník Ostrava,11,11,0,39.46,39.46,⚪ Unranked,⚪ Unranked,UNCHANGED
2026-10-09,Bohemians 1905,12,12,0,34.09,34.09,⚪ Unranked,⚪ Unranked,UNCHANGED
2026-10-09,Pardubice,13,13,0,25.1,25.1,⚪ Unranked,⚪ Unranked,UNCHANGED
2026-10-09,Artis Brno,14,14,0,22.36,22.36,⚪ Unranked,⚪ Unranked,UNCHANGED
2026-10-09,Slovácko,15,15,0,17.84,17.84,⚪ Unranked,⚪ Unranked,UNCHANGED
2026-10-09,Zlín,16,16,0,6.43,6.43,⚪ Unranked,⚪ Unranked,UNCHANGED
2026-10-09,Rapid București,1,1,0,75.3,75.3,🟡 Reliable,🟡 Reliable,UNCHANGED
2026-10-09,Dinamo București,2,2,0,74.72,74.72,🟡 Reliable,🟡 Reliable,UNCHANGED
2026-10-09,Universitatea Craiova,3,3,0,73.12,73.12,🟡 Reliable,🟡 Reliable,UNCHANGED
2026-10-09,Petrolul Ploiești,4,4,0,62.98,62.98,🟠 Form-dependent,🟠 Form-dependent,UNCHANGED
2026-10-09,Universitatea Cluj,5,5,0,59.18,60.24,🟠 Form-dependent,🟠 Form-dependent,UNCHANGED
2026-10-09,CFR Cluj,6,6,0,56.66,55.54,🟠 Form-dependent,🟠 Form-dependent,UNCHANGED
2026-10-09,Farul Constanța,7,7,0,54.91,54.91,🟠 Form-dependent,🟠 Form-dependent,UNCHANGED
2026-10-09,Argeș Pitești,8,8,0,54.23,54.23,🟠 Form-dependent,🟠 Form-dependent,UNCHANGED
2026-10-09,Corvinul Hunedoara,9,9,0,52.59,52.59,🟠 Form-dependent,🟠 Form-dependent,UNCHANGED
2026-10-09,FCSB,10,10,0,48.95,48.95,⚪ Unranked,⚪ Unranked,UNCHANGED
2026-10-09,Sepsi OSK Sfântu Gheorghe,11,11,0,47.77,47.77,⚪ Unranked,⚪ Unranked,UNCHANGED
2026-10-09,Oțelul Galați,12,12,0,41.09,41.09,⚪ Unranked,⚪ Unranked,UNCHANGED
2026-10-09,UTA Arad,13,13,0,32.79,32.79,⚪ Unranked,⚪ Unranked,UNCHANGED
2026-10-09,Botoșani,14,14,0,32.27,32.27,⚪ Unranked,⚪ Unranked,UNCHANGED
2026-10-09,Voluntari,15,15,0,19.42,19.42,⚪ Unranked,⚪ Unranked,UNCHANGED
2026-10-09,Csíkszereda Miercurea Ciuc,16,16,0,5.54,5.54,⚪ Unranked,⚪ Unranked,UNCHANGED
2026-10-09,HNK Hajduk Split,1,1,0,78.99,78.99,🟡 Reliable,🟡 Reliable,UNCHANGED
2026-10-09,GNK Dinamo Zagreb,2,2,0,75.44,75.44,🟡 Reliable,🟡 Reliable,UNCHANGED
2026-10-09,HNK Rijeka,3,3,0,66.36,66.36,🟡 Reliable,🟡 Reliable,UNCHANGED
2026-10-09,NK Osijek,4,4,0,62.94,62.94,🟠 Form-dependent,🟠 Form-dependent,UNCHANGED
2026-10-09,NK Varaždin,5,5,0,57.84,57.84,🟠 Form-dependent,🟠 Form-dependent,UNCHANGED
2026-10-09,NK Istra 1961,6,6,0,46.41,46.41,⚪ Unranked,⚪ Unranked,UNCHANGED
2026-10-09,NK Slaven Belupo,7,7,0,39.49,39.49,⚪ Unranked,⚪ Unranked,UNCHANGED
2026-10-09,HNK Gorica,8,8,0,28.24,28.24,⚪ Unranked,⚪ Unranked,UNCHANGED
2026-10-09,NK Lokomotiva Zagreb,9,9,0,27.56,27.56,⚪ Unranked,⚪ Unranked,UNCHANGED
2026-10-09,NK Rudeš,10,10,0,15.79,15.79,⚪ Unranked,⚪ Unranked,UNCHANGED
2026-10-09,ETO Győr,1,1,0,77.91,77.91,🟡 Reliable,🟡 Reliable,UNCHANGED
2026-10-09,Vasas,2,2,0,66.7,66.7,🟡 Reliable,🟡 Reliable,UNCHANGED
2026-10-09,Újpest,3,3,0,65.36,65.36,🟡 Reliable,🟡 Reliable,UNCHANGED
2026-10-09,Puskás Akadémia,4,4,0,63.66,63.66,🟠 Form-dependent,🟠 Form-dependent,UNCHANGED
2026-10-09,Ferencváros,5,5,0,61.82,61.82,🟠 Form-dependent,🟠 Form-dependent,UNCHANGED
2026-10-09,Paks,6,6,0,49.77,49.77,⚪ Unranked,⚪ Unranked,UNCHANGED
2026-10-09,MTK,7,7,0,45.66,45.66,⚪ Unranked,⚪ Unranked,UNCHANGED
2026-10-09,Kisvárda,8,8,0,42.84,42.84,⚪ Unranked,⚪ Unranked,UNCHANGED
2026-10-09,Debrecen,9,9,0,39.76,39.76,⚪ Unranked,⚪ Unranked,UNCHANGED
2026-10-09,Nyíregyháza,10,10,0,37.28,37.28,⚪ Unranked,⚪ Unranked,UNCHANGED
2026-10-09,Kispest Honvéd,11,11,0,28.4,28.4,⚪ Unranked,⚪ Unranked,UNCHANGED
2026-10-09,Zalaegerszeg,12,12,0,26.05,26.05,⚪ Unranked,⚪ Unranked,UNCHANGED
2026-10-09,HJK,3,1,-2,71.7,71.7,🟡 Reliable,🟡 Reliable,CHANGED
2026-10-09,KuPS,1,2,1,75.79,70.41,🟡 Reliable,🟡 Reliable,CHANGED
2026-10-09,Inter Turku,2,3,1,72.09,68.82,🟡 Reliable,🟡 Reliable,CHANGED
2026-10-09,IF Gnistan,4,4,0,62.9,59.52,🟠 Form-dependent,🟠 Form-dependent,UNCHANGED
2026-10-09,VPS,5,5,0,56.17,56.17,🟠 Form-dependent,🟠 Form-dependent,UNCHANGED
2026-10-09,Ilves,6,6,0,51.5,51.5,🟠 Form-dependent,🟠 Form-dependent,UNCHANGED
2026-10-09,FC Lahti,7,7,0,49.62,49.62,⚪ Unranked,⚪ Unranked,UNCHANGED
2026-10-09,TPS,8,8,0,49.22,49.22,⚪ Unranked,⚪ Unranked,UNCHANGED
2026-10-09,AC Oulu,9,9,0,40.34,45.28,⚪ Unranked,⚪ Unranked,UNCHANGED
2026-10-09,SJK,10,10,0,39.51,39.51,⚪ Unranked,⚪ Unranked,UNCHANGED
2026-10-09,FF Jaro,11,11,0,21.48,21.48,⚪ Unranked,⚪ Unranked,UNCHANGED
2026-10-09,IFK Mariehamn,12,12,0,18.68,18.68,⚪ Unranked,⚪ Unranked,UNCHANGED
2026-10-09,Lusitânia Lourosa,1,1,0,88.58,88.58,🟢 Elite,🟢 Elite,UNCHANGED
2026-10-09,Penafiel,2,2,0,76.7,76.7,🟡 Reliable,🟡 Reliable,UNCHANGED
2026-10-09,Sporting CP B,3,3,0,69.75,69.75,🟡 Reliable,🟡 Reliable,UNCHANGED
2026-10-09,Farense,4,4,0,68.96,69.21,🟡 Reliable,🟡 Reliable,UNCHANGED
2026-10-09,União de Leiria,5,5,0,64.74,64.72,🟠 Form-dependent,🟠 Form-dependent,UNCHANGED
2026-10-09,Vizela,6,6,0,62.82,62.8,🟠 Form-dependent,🟠 Form-dependent,UNCHANGED
2026-10-09,Leixões,7,7,0,61.88,61.86,🟠 Form-dependent,🟠 Form-dependent,UNCHANGED
2026-10-09,Benfica B,8,8,0,56.21,56.19,🟠 Form-dependent,🟠 Form-dependent,UNCHANGED
2026-10-09,Tondela,9,9,0,54.67,54.65,🟠 Form-dependent,🟠 Form-dependent,UNCHANGED
2026-10-09,Académica,10,10,0,52.15,52.16,🟠 Form-dependent,🟠 Form-dependent,UNCHANGED
2026-10-09,Portimonense,11,11,0,41.36,41.36,⚪ Unranked,⚪ Unranked,UNCHANGED
2026-10-09,AFS,12,12,0,40.85,40.85,⚪ Unranked,⚪ Unranked,UNCHANGED
2026-10-09,Felgueiras,13,13,0,35.17,35.17,⚪ Unranked,⚪ Unranked,UNCHANGED
2026-10-09,Torreense,14,14,0,29.32,29.32,⚪ Unranked,⚪ Unranked,UNCHANGED
2026-10-09,Amarante,15,15,0,27.73,27.73,⚪ Unranked,⚪ Unranked,UNCHANGED
2026-10-09,Chaves,16,16,0,21.15,21.1,⚪ Unranked,⚪ Unranked,UNCHANGED
2026-10-09,Porto B,17,17,0,15.33,15.33,⚪ Unranked,⚪ Unranked,UNCHANGED
2026-10-09,Feirense,18,18,0,8.75,8.75,⚪ Unranked,⚪ Unranked,UNCHANGED
2026-10-09,Beerschot,1,1,0,88.64,88.64,🟢 Elite,🟢 Elite,UNCHANGED
2026-10-09,Dender EH,2,2,0,84.74,84.74,🟢 Elite,🟢 Elite,UNCHANGED
2026-10-09,Eupen,3,3,0,81.03,81.03,🟢 Elite,🟢 Elite,UNCHANGED
2026-10-09,Francs Borains,4,4,0,77.47,77.47,🟡 Reliable,🟡 Reliable,UNCHANGED
2026-10-09,Virton,5,5,0,70.12,70.12,🟡 Reliable,🟡 Reliable,UNCHANGED
2026-10-09,Lokeren,6,6,0,60.6,60.6,🟠 Form-dependent,🟠 Form-dependent,UNCHANGED
2026-10-09,Club NXTU23,7,7,0,53.33,53.33,🟠 Form-dependent,🟠 Form-dependent,UNCHANGED
2026-10-09,Hasselt,8,8,0,53.04,53.04,🟠 Form-dependent,🟠 Form-dependent,UNCHANGED
2026-10-09,Jong GenkU23,9,9,0,43.44,43.44,⚪ Unranked,⚪ Unranked,UNCHANGED
2026-10-09,Jong KAA GentU23,10,10,0,34.57,34.57,⚪ Unranked,⚪ Unranked,UNCHANGED
2026-10-09,Lierse,11,11,0,30.96,30.96,⚪ Unranked,⚪ Unranked,UNCHANGED
2026-10-09,RFC Liège,12,12,0,29.33,29.33,⚪ Unranked,⚪ Unranked,UNCHANGED
2026-10-09,Seraing,13,13,0,16.27,16.27,⚪ Unranked,⚪ Unranked,UNCHANGED
2026-10-09,Patro Eisden Maasmechelen,14,14,0,13.31,13.31,⚪ Unranked,⚪ Unranked,UNCHANGED
2026-10-09,RSCA FuturesU23,15,15,0,10.35,10.35,⚪ Unranked,⚪ Unranked,UNCHANGED
2026-10-09,Ordabasy,1,1,0,89.3,89.3,🟢 Elite,🟢 Elite,UNCHANGED
2026-10-09,Kairat,2,2,0,69.04,69.04,🟡 Reliable,🟡 Reliable,UNCHANGED
2026-10-09,Astana,3,3,0,61.55,61.55,🟠 Form-dependent,🟠 Form-dependent,UNCHANGED
2026-10-09,Okzhetpes,4,4,0,60.75,60.75,🟠 Form-dependent,🟠 Form-dependent,UNCHANGED
2026-10-09,Elimai,5,5,0,54.91,54.91,🟠 Form-dependent,🟠 Form-dependent,UNCHANGED
2026-10-09,Tobol,6,6,0,50.38,50.38,🟠 Form-dependent,🟠 Form-dependent,UNCHANGED
2026-10-09,Ulytau,7,7,0,49.07,49.07,⚪ Unranked,⚪ Unranked,UNCHANGED
2026-10-09,Aktobe,8,8,0,48.41,48.41,⚪ Unranked,⚪ Unranked,UNCHANGED
2026-10-09,Kaspiy,9,9,0,43.26,43.26,⚪ Unranked,⚪ Unranked,UNCHANGED
2026-10-09,Jenis,10,10,0,41.66,41.66,⚪ Unranked,⚪ Unranked,UNCHANGED
2026-10-09,Kyzylzhar,11,11,0,34.96,34.96,⚪ Unranked,⚪ Unranked,UNCHANGED
2026-10-09,Irtysh,12,12,0,34.09,34.09,⚪ Unranked,⚪ Unranked,UNCHANGED
2026-10-09,Atyrau,13,13,0,31.5,31.5,⚪ Unranked,⚪ Unranked,UNCHANGED
2026-10-09,Altai,14,14,0,29.04,29.04,⚪ Unranked,⚪ Unranked,UNCHANGED
2026-10-09,Kaisar,15,15,0,25.64,25.64,⚪ Unranked,⚪ Unranked,UNCHANGED
2026-10-09,Zhetysu,16,16,0,24.88,24.88,⚪ Unranked,⚪ Unranked,UNCHANGED
2026-10-09,Independiente del Valle,1,1,0,85.28,85.28,🟢 Elite,🟢 Elite,UNCHANGED
2026-10-09,Universidad Católica,2,2,0,74.16,74.16,🟡 Reliable,🟡 Reliable,UNCHANGED
2026-10-09,Macará,3,3,0,65.91,65.91,🟡 Reliable,🟡 Reliable,UNCHANGED
2026-10-09,LDU Quito,4,4,0,62.38,62.38,🟠 Form-dependent,🟠 Form-dependent,UNCHANGED
2026-10-09,Aucas,5,5,0,54.36,54.36,🟠 Form-dependent,🟠 Form-dependent,UNCHANGED
2026-10-09,Guayaquil City,6,6,0,46.67,46.67,⚪ Unranked,⚪ Unranked,UNCHANGED
2026-10-09,Barcelona,7,7,0,45.08,45.08,⚪ Unranked,⚪ Unranked,UNCHANGED
2026-10-09,Mushuc Runa,8,8,0,44.67,44.67,⚪ Unranked,⚪ Unranked,UNCHANGED
2026-10-09,Emelec,9,9,0,44.56,44.56,⚪ Unranked,⚪ Unranked,UNCHANGED
2026-10-09,Libertad,10,10,0,43.6,43.6,⚪ Unranked,⚪ Unranked,UNCHANGED
2026-10-09,Leones,11,11,0,39.27,39.27,⚪ Unranked,⚪ Unranked,UNCHANGED
2026-10-09,Orense,12,12,0,31.46,31.46,⚪ Unranked,⚪ Unranked,UNCHANGED
2026-10-09,Técnico Universitario,13,13,0,31.02,31.02,⚪ Unranked,⚪ Unranked,UNCHANGED
2026-10-09,Deportivo Cuenca,14,14,0,30.54,30.54,⚪ Unranked,⚪ Unranked,UNCHANGED
2026-10-09,Delfín,15,15,0,24.22,24.22,⚪ Unranked,⚪ Unranked,UNCHANGED
2026-10-09,Manta,16,16,0,20.97,20.97,⚪ Unranked,⚪ Unranked,UNCHANGED
2026-10-09,Club Olimpia,1,1,0,81.25,81.28,🟢 Elite,🟢 Elite,UNCHANGED
2026-10-09,Libertad,2,2,0,72.8,72.79,🟡 Reliable,🟡 Reliable,UNCHANGED
2026-10-09,2 de Mayo,3,3,0,63.34,63.41,🟠 Form-dependent,🟠 Form-dependent,UNCHANGED
2026-10-09,Nacional Asunción,4,4,0,62.85,62.71,🟠 Form-dependent,🟠 Form-dependent,UNCHANGED
2026-10-09,Sportivo Trinidense,5,5,0,61.95,61.91,🟠 Form-dependent,🟠 Form-dependent,UNCHANGED
2026-10-09,Guaraní,6,6,0,60.78,60.75,🟠 Form-dependent,🟠 Form-dependent,UNCHANGED
2026-10-09,Sportivo Ameliano,7,7,0,49.67,49.6,⚪ Unranked,⚪ Unranked,UNCHANGED
2026-10-09,Cerro Porteño,8,8,0,44.69,44.62,⚪ Unranked,⚪ Unranked,UNCHANGED
2026-10-09,Sportivo Luqueño,9,9,0,30.12,30.09,⚪ Unranked,⚪ Unranked,UNCHANGED
2026-10-09,Rubio Ñú,10,10,0,28.8,28.9,⚪ Unranked,⚪ Unranked,UNCHANGED
2026-10-09,Deportivo Recoleta,11,11,0,17.24,17.23,⚪ Unranked,⚪ Unranked,UNCHANGED
2026-10-09,Sportivo San Lorenzo,12,12,0,11.72,11.72,⚪ Unranked,⚪ Unranked,UNCHANGED
2026-10-09,Peñarol,1,1,0,80.41,80.42,🟢 Elite,🟢 Elite,UNCHANGED
2026-10-09,Liverpool,2,2,0,78.32,78.33,🟡 Reliable,🟡 Reliable,UNCHANGED
2026-10-09,Deportivo Maldonado,3,3,0,72.78,72.79,🟡 Reliable,🟡 Reliable,UNCHANGED
2026-10-09,Montevideo City Torque,4,4,0,70.14,69.94,🟡 Reliable,🟡 Reliable,UNCHANGED
2026-10-09,Nacional,5,5,0,68.39,68.47,🟡 Reliable,🟡 Reliable,UNCHANGED
2026-10-09,Montevideo Wanderers,6,6,0,58.28,58.3,🟠 Form-dependent,🟠 Form-dependent,UNCHANGED
2026-10-09,Juventud,7,7,0,53.94,53.89,🟠 Form-dependent,🟠 Form-dependent,UNCHANGED
2026-10-09,Cerro,8,8,0,51.07,51.02,🟠 Form-dependent,🟠 Form-dependent,UNCHANGED
2026-10-09,Progreso,9,9,0,48.66,48.64,⚪ Unranked,⚪ Unranked,UNCHANGED
2026-10-09,Racing (Montevideo),10,10,0,42.3,42.24,⚪ Unranked,⚪ Unranked,UNCHANGED
2026-10-09,Defensor Sporting,11,11,0,35.53,35.53,⚪ Unranked,⚪ Unranked,UNCHANGED
2026-10-09,Danubio,12,12,0,28.97,29.05,⚪ Unranked,⚪ Unranked,UNCHANGED
2026-10-09,Boston River,13,13,0,28.43,28.43,⚪ Unranked,⚪ Unranked,UNCHANGED
2026-10-09,Cerro Largo,14,14,0,17.5,17.47,⚪ Unranked,⚪ Unranked,UNCHANGED
2026-10-09,Central Español Fútbol Club,15,15,0,16.66,16.65,⚪ Unranked,⚪ Unranked,UNCHANGED
2026-10-09,Albion FC,16,16,0,14.89,14.91,⚪ Unranked,⚪ Unranked,UNCHANGED
2026-10-09,Bursaspor,1,1,0,81.61,81.61,🟢 Elite,🟢 Elite,UNCHANGED
2026-10-09,Kayserispor,2,2,0,79.59,79.59,🟡 Reliable,🟡 Reliable,UNCHANGED
2026-10-09,Iğdır,3,3,0,76.43,76.43,🟡 Reliable,🟡 Reliable,UNCHANGED
2026-10-09,Batman Petrolspor,4,4,0,75.59,75.59,🟡 Reliable,🟡 Reliable,UNCHANGED
2026-10-09,Keçiörengücü,5,5,0,69.27,69.27,🟡 Reliable,🟡 Reliable,UNCHANGED
2026-10-09,Mardin 1969,6,6,0,57.56,57.56,🟠 Form-dependent,🟠 Form-dependent,UNCHANGED
2026-10-09,Sarıyer,7,7,0,55.58,55.58,🟠 Form-dependent,🟠 Form-dependent,UNCHANGED
2026-10-09,Karagümrük,8,8,0,55.22,55.24,🟠 Form-dependent,🟠 Form-dependent,UNCHANGED
2026-10-09,Bandırmaspor,9,9,0,54.27,54.27,🟠 Form-dependent,🟠 Form-dependent,UNCHANGED
2026-10-09,Muğlaspor,10,10,0,53.29,53.29,🟠 Form-dependent,🟠 Form-dependent,UNCHANGED
2026-10-09,Manisa,11,11,0,44.96,44.96,⚪ Unranked,⚪ Unranked,UNCHANGED
2026-10-09,Antalyaspor,12,12,0,43.26,43.26,⚪ Unranked,⚪ Unranked,UNCHANGED
2026-10-09,Pendikspor,13,13,0,39.6,39.6,⚪ Unranked,⚪ Unranked,UNCHANGED
2026-10-09,Bodrumspor,14,14,0,39.03,39.03,⚪ Unranked,⚪ Unranked,UNCHANGED
2026-10-09,Sivasspor,15,15,0,31.88,31.88,⚪ Unranked,⚪ Unranked,UNCHANGED
2026-10-09,Vanspor,16,16,0,29.65,29.65,⚪ Unranked,⚪ Unranked,UNCHANGED
2026-10-09,Esenler Erokspor,17,17,0,23.38,23.38,⚪ Unranked,⚪ Unranked,UNCHANGED
2026-10-09,Ümraniyespor,18,18,0,17.1,17.1,⚪ Unranked,⚪ Unranked,UNCHANGED
2026-10-09,İstanbulspor,19,19,0,10.2,10.2,⚪ Unranked,⚪ Unranked,UNCHANGED
2026-10-09,Boluspor,20,20,0,6.75,6.75,⚪ Unranked,⚪ Unranked,UNCHANGED
2026-10-09,Maccabi Tel-Aviv,1,1,0,85.41,85.41,🟢 Elite,🟢 Elite,UNCHANGED
2026-10-09,Hapoel Be'er,2,2,0,81.96,81.96,🟢 Elite,🟢 Elite,UNCHANGED
2026-10-09,Maccabi Haifa,3,3,0,79.52,79.52,🟡 Reliable,🟡 Reliable,UNCHANGED
2026-10-09,Beitar Jerusalem,4,4,0,74.88,74.88,🟡 Reliable,🟡 Reliable,UNCHANGED
2026-10-09,Hapoel Jerusalem,5,5,0,66.9,66.9,🟡 Reliable,🟡 Reliable,UNCHANGED
2026-10-09,Hapoel Haifa,6,6,0,59.15,59.15,🟠 Form-dependent,🟠 Form-dependent,UNCHANGED
2026-10-09,Maccabi Netanya,7,7,0,52.88,52.88,🟠 Form-dependent,🟠 Form-dependent,UNCHANGED
2026-10-09,Bnei Sakhnin,8,8,0,37.28,37.28,⚪ Unranked,⚪ Unranked,UNCHANGED
2026-10-09,Moadon Sport Ashdod,9,9,0,34.29,34.29,⚪ Unranked,⚪ Unranked,UNCHANGED
2026-10-09,Maccabi Raina,10,10,0,31.67,31.67,⚪ Unranked,⚪ Unranked,UNCHANGED
2026-10-09,Ironi Tiberias,11,11,0,30.14,30.14,⚪ Unranked,⚪ Unranked,UNCHANGED
2026-10-09,Hapoel Kiryat Shmona,12,12,0,27.64,27.64,⚪ Unranked,⚪ Unranked,UNCHANGED
2026-10-09,Hapoel Hadera,13,13,0,19.92,19.92,⚪ Unranked,⚪ Unranked,UNCHANGED
2026-10-09,Maccabi Petah-Tikva,14,14,0,17.8,17.8,⚪ Unranked,⚪ Unranked,UNCHANGED
2026-10-09,Dinamo Moscow,1,1,0,82.08,82.08,🟢 Elite,🟢 Elite,UNCHANGED
2026-10-09,Krasnodar,2,2,0,77.4,77.4,🟡 Reliable,🟡 Reliable,UNCHANGED
2026-10-09,Spartak Moscow,3,3,0,75.26,75.26,🟡 Reliable,🟡 Reliable,UNCHANGED
2026-10-09,CSKA Moscow,4,4,0,73.37,73.37,🟡 Reliable,🟡 Reliable,UNCHANGED
2026-10-09,Zenit St Petersburg,5,5,0,67.06,67.06,🟡 Reliable,🟡 Reliable,UNCHANGED
2026-10-09,Rubin Kazan,6,6,0,52.61,52.61,🟠 Form-dependent,🟠 Form-dependent,UNCHANGED
2026-10-09,Krylia Sovetov,7,7,0,49.4,49.4,⚪ Unranked,⚪ Unranked,UNCHANGED
2026-10-09,Akhmat Grozny,8,8,0,45.1,45.1,⚪ Unranked,⚪ Unranked,UNCHANGED
2026-10-09,FC Baltika Kaliningrad,9,9,0,44.62,44.62,⚪ Unranked,⚪ Unranked,UNCHANGED
2026-10-09,Dynamo Makhachkala,10,10,0,43.14,43.14,⚪ Unranked,⚪ Unranked,UNCHANGED
2026-10-09,Gazovik Orenburg,11,11,0,33.79,33.79,⚪ Unranked,⚪ Unranked,UNCHANGED
2026-10-09,Akron Tolyatti,12,12,0,32.12,32.12,⚪ Unranked,⚪ Unranked,UNCHANGED
2026-10-09,Rostov,13,13,0,28.67,28.67,⚪ Unranked,⚪ Unranked,UNCHANGED
2026-10-09,Lokomotiv Moscow,14,14,0,26.19,26.19,⚪ Unranked,⚪ Unranked,UNCHANGED
2026-10-09,Rodina Moscow,15,15,0,14.72,14.72,⚪ Unranked,⚪ Unranked,UNCHANGED
2026-10-09,Fakel Voronezh,16,16,0,13.17,13.17,⚪ Unranked,⚪ Unranked,UNCHANGED
2026-10-09,Omonia Nicosia,1,1,0,87.89,87.89,🟢 Elite,🟢 Elite,UNCHANGED
2026-10-09,AEK Larnaca,2,2,0,68.89,68.89,🟡 Reliable,🟡 Reliable,UNCHANGED
2026-10-09,Apollon Limassol,3,3,0,67.89,67.89,🟡 Reliable,🟡 Reliable,UNCHANGED
2026-10-09,Pafos,4,4,0,59.99,59.99,🟠 Form-dependent,🟠 Form-dependent,UNCHANGED
2026-10-09,Anorthosis,5,5,0,56.08,56.08,🟠 Form-dependent,🟠 Form-dependent,UNCHANGED
2026-10-09,AEL,6,6,0,46.95,46.95,⚪ Unranked,⚪ Unranked,UNCHANGED
2026-10-09,Apoel Nicosia,7,7,0,46.76,46.76,⚪ Unranked,⚪ Unranked,UNCHANGED
2026-10-09,Omonia Aradippou,8,8,0,46.57,46.57,⚪ Unranked,⚪ Unranked,UNCHANGED
2026-10-09,Aris Limassol,9,9,0,44.52,44.52,⚪ Unranked,⚪ Unranked,UNCHANGED
2026-10-09,Olympiakos Nicosia,10,10,0,43.35,43.35,⚪ Unranked,⚪ Unranked,UNCHANGED
2026-10-09,Krasava,11,11,0,40.42,40.42,⚪ Unranked,⚪ Unranked,UNCHANGED
2026-10-09,Akritas Chlorakas,12,12,0,38.28,38.28,⚪ Unranked,⚪ Unranked,UNCHANGED
2026-10-09,Ethnikos Achnas,13,13,0,30.67,30.67,⚪ Unranked,⚪ Unranked,UNCHANGED
2026-10-09,Enosis Neon Paralimni,14,14,0,7.97,7.97,⚪ Unranked,⚪ Unranked,UNCHANGED
2026-10-09,The New Saints,1,1,0,92.41,92.41,🟢 Elite,🟢 Elite,UNCHANGED
2026-10-09,Penybont FC,2,2,0,84.4,84.4,🟢 Elite,🟢 Elite,UNCHANGED
2026-10-09,Caernarfon,3,3,0,71.07,71.07,🟡 Reliable,🟡 Reliable,UNCHANGED
2026-10-09,Barry Town,4,4,0,67.04,67.04,🟡 Reliable,🟡 Reliable,UNCHANGED
2026-10-09,Haverfordwest,5,5,0,63.72,63.72,🟠 Form-dependent,🟠 Form-dependent,UNCHANGED
2026-10-09,Cardiff MU,6,6,0,51.99,51.99,🟠 Form-dependent,🟠 Form-dependent,UNCHANGED
2026-10-09,Bala Town,7,7,0,36.38,36.38,⚪ Unranked,⚪ Unranked,UNCHANGED
2026-10-09,Connah's Quay,8,8,0,33.47,33.47,⚪ Unranked,⚪ Unranked,UNCHANGED
2026-10-09,Briton Ferry,9,9,0,31.6,31.6,⚪ Unranked,⚪ Unranked,UNCHANGED
2026-10-09,Flint Town United FC,10,10,0,29.2,29.2,⚪ Unranked,⚪ Unranked,UNCHANGED
2026-10-09,Newtown,11,11,0,23.85,23.85,⚪ Unranked,⚪ Unranked,UNCHANGED
2026-10-09,Aberystwyth,12,12,0,17.01,17.01,⚪ Unranked,⚪ Unranked,UNCHANGED
2026-10-09,Hamrun Spartans,1,1,0,77.8,77.8,🟡 Reliable,🟡 Reliable,UNCHANGED
2026-10-09,Marsaxlokk FC,2,2,0,75.69,75.69,🟡 Reliable,🟡 Reliable,UNCHANGED
2026-10-09,Sliema Wanderers,3,3,0,73.84,73.84,🟡 Reliable,🟡 Reliable,UNCHANGED
2026-10-09,Floriana FC,4,4,0,68.92,68.92,🟡 Reliable,🟡 Reliable,UNCHANGED
2026-10-09,Hibernians,5,5,0,64.97,64.97,🟠 Form-dependent,🟠 Form-dependent,UNCHANGED
2026-10-09,Birkirkara,6,6,0,59.26,59.26,🟠 Form-dependent,🟠 Form-dependent,UNCHANGED
2026-10-09,Gzira United,7,7,0,41.68,41.68,⚪ Unranked,⚪ Unranked,UNCHANGED
2026-10-09,Naxxar Lions,8,8,0,37.53,37.53,⚪ Unranked,⚪ Unranked,UNCHANGED
2026-10-09,Zabbar Saint Patrick FC,9,9,0,36.44,36.44,⚪ Unranked,⚪ Unranked,UNCHANGED
2026-10-09,Mosta FC,10,10,0,32.62,32.62,⚪ Unranked,⚪ Unranked,UNCHANGED
2026-10-09,Balzan FC,11,11,0,19.52,19.52,⚪ Unranked,⚪ Unranked,UNCHANGED
2026-10-09,Melita FC,12,12,0,17.95,17.95,⚪ Unranked,⚪ Unranked,UNCHANGED
2026-10-09,Kruger United,1,1,0,82.35,82.35,🟢 Elite,🟢 Elite,UNCHANGED
2026-10-09,Cape Town City FC,2,2,0,72.59,72.59,🟡 Reliable,🟡 Reliable,UNCHANGED
2026-10-09,Casric Stars,3,3,0,71.32,71.32,🟡 Reliable,🟡 Reliable,UNCHANGED
2026-10-09,Milford FC,4,4,0,70.03,70.03,🟡 Reliable,🟡 Reliable,UNCHANGED
2026-10-09,Hungry Lions FC,5,5,0,61.93,61.93,🟠 Form-dependent,🟠 Form-dependent,UNCHANGED
2026-10-09,Highbury,6,6,0,57.43,57.43,🟠 Form-dependent,🟠 Form-dependent,UNCHANGED
2026-10-09,Lerumo Lions,7,7,0,50.6,50.6,🟠 Form-dependent,🟠 Form-dependent,UNCHANGED
2026-10-09,Venda FC,8,8,0,43.17,43.17,⚪ Unranked,⚪ Unranked,UNCHANGED
2026-10-09,Upington City,9,9,0,42.77,42.77,⚪ Unranked,⚪ Unranked,UNCHANGED
2026-10-09,The Bees,10,10,0,42.11,42.11,⚪ Unranked,⚪ Unranked,UNCHANGED
2026-10-09,University of Pretoria,11,11,0,35.86,35.86,⚪ Unranked,⚪ Unranked,UNCHANGED
2026-10-09,Leicesterford City FC,12,12,0,32.61,32.61,⚪ Unranked,⚪ Unranked,UNCHANGED
2026-10-09,Midlands Wanderers,13,13,0,31.41,31.41,⚪ Unranked,⚪ Unranked,UNCHANGED
2026-10-09,Gomora United,14,14,0,30.52,30.52,⚪ Unranked,⚪ Unranked,UNCHANGED
2026-10-09,Black Leopards,15,15,0,26.15,26.15,⚪ Unranked,⚪ Unranked,UNCHANGED
2026-10-09,Baroka FC,16,16,0,16.58,16.58,⚪ Unranked,⚪ Unranked,UNCHANGED
2026-10-09,Shillong Lajong FC,1,1,0,75.17,75.17,🟡 Reliable,🟡 Reliable,UNCHANGED
2026-10-09,Diamond Harbour FC,2,2,0,70.73,70.73,🟡 Reliable,🟡 Reliable,UNCHANGED
2026-10-09,Sreenidi Deccan FC,3,3,0,69.44,69.44,🟡 Reliable,🟡 Reliable,UNCHANGED
2026-10-09,Real Kashmir,4,4,0,52.07,52.07,🟠 Form-dependent,🟠 Form-dependent,UNCHANGED
2026-10-09,Dempo Sports Club,5,5,0,45.11,45.11,⚪ Unranked,⚪ Unranked,UNCHANGED
2026-10-09,Rajasthan United FC,6,6,0,40.33,40.33,⚪ Unranked,⚪ Unranked,UNCHANGED
2026-10-09,Chanmari FC,7,7,0,38.09,38.09,⚪ Unranked,⚪ Unranked,UNCHANGED
2026-10-09,Aizawl FC,8,8,0,31.97,31.97,⚪ Unranked,⚪ Unranked,UNCHANGED
2026-10-09,Gokulam Kerala FC,9,9,0,28.27,28.27,⚪ Unranked,⚪ Unranked,UNCHANGED
2026-10-09,Namdhari Sports Club,10,10,0,22.05,22.05,⚪ Unranked,⚪ Unranked,UNCHANGED
2026-10-09,Johor Darul Ta'zim,1,1,0,94.46,94.46,🟢 Elite,🟢 Elite,UNCHANGED
2026-10-09,Kuching City,2,2,0,82.99,82.99,🟢 Elite,🟢 Elite,UNCHANGED
2026-10-09,Selangor FC,3,3,0,80.56,80.56,🟢 Elite,🟢 Elite,UNCHANGED
2026-10-09,Immigration FC,4,4,0,58.85,58.85,🟠 Form-dependent,🟠 Form-dependent,UNCHANGED
2026-10-09,Kuala Lumpur City FC,5,5,0,54.23,54.23,🟠 Form-dependent,🟠 Form-dependent,UNCHANGED
2026-10-09,Terengganu FC,6,6,0,51.16,51.16,🟠 Form-dependent,🟠 Form-dependent,UNCHANGED
2026-10-09,Negeri Sembilan FC,7,7,0,47.21,47.21,⚪ Unranked,⚪ Unranked,UNCHANGED
2026-10-09,Penang FC,8,8,0,40.95,40.95,⚪ Unranked,⚪ Unranked,UNCHANGED
2026-10-09,Sabah FC,9,9,0,38.86,38.86,⚪ Unranked,⚪ Unranked,UNCHANGED
2026-10-09,Melaka FC,10,10,0,28.56,28.56,⚪ Unranked,⚪ Unranked,UNCHANGED
2026-10-09,Brunei DPMM FC,11,11,0,25.73,25.73,⚪ Unranked,⚪ Unranked,UNCHANGED
2026-10-09,Kelantan The Real Warriors,12,12,0,12.42,12.42,⚪ Unranked,⚪ Unranked,UNCHANGED
2026-10-09,PDRM FC,13,13,0,10.41,10.41,⚪ Unranked,⚪ Unranked,UNCHANGED
2026-10-09,Albirex Niigata FC,1,1,0,81.77,81.77,🟢 Elite,🟢 Elite,UNCHANGED
2026-10-09,Lion City Sailors FC,2,2,0,78.68,78.68,🟡 Reliable,🟡 Reliable,UNCHANGED
2026-10-09,BG Tampines Rovers FC,3,3,0,73.27,73.27,🟡 Reliable,🟡 Reliable,UNCHANGED
2026-10-09,Balestier Khalsa FC,4,4,0,58.2,58.2,🟠 Form-dependent,🟠 Form-dependent,UNCHANGED
2026-10-09,Geylang International FC,5,5,0,37.7,37.7,⚪ Unranked,⚪ Unranked,UNCHANGED
2026-10-09,Hougang United FC,6,6,0,36.96,36.96,⚪ Unranked,⚪ Unranked,UNCHANGED
2026-10-09,Young Lions,7,7,0,16.16,16.16,⚪ Unranked,⚪ Unranked,UNCHANGED
2026-10-09,Tanjong Pagar United FC,8,8,0,14.69,14.69,⚪ Unranked,⚪ Unranked,UNCHANGED
2026-10-09,Saprissa,1,1,0,77.59,77.59,🟡 Reliable,🟡 Reliable,UNCHANGED
2026-10-09,Cartaginés,2,2,0,76.97,76.97,🟡 Reliable,🟡 Reliable,UNCHANGED
2026-10-09,Sporting San José,3,3,0,72.81,72.81,🟡 Reliable,🟡 Reliable,UNCHANGED
2026-10-09,AD San Carlos,4,4,0,65.47,65.47,🟡 Reliable,🟡 Reliable,UNCHANGED
2026-10-09,Inter de San Carlos,5,5,0,49.24,49.24,⚪ Unranked,⚪ Unranked,UNCHANGED
2026-10-09,Alajuelense,6,6,0,47.82,47.82,⚪ Unranked,⚪ Unranked,UNCHANGED
2026-10-09,Puntarenas FC,7,7,0,46.55,46.55,⚪ Unranked,⚪ Unranked,UNCHANGED
2026-10-09,Pérez Zeledón,8,8,0,29.81,29.81,⚪ Unranked,⚪ Unranked,UNCHANGED
2026-10-09,Herediano,9,9,0,28.62,28.62,⚪ Unranked,⚪ Unranked,UNCHANGED
2026-10-09,Escorpiones Belén,10,10,0,11.41,11.41,⚪ Unranked,⚪ Unranked,UNCHANGED
2026-10-09,CD Guastatoya,1,1,0,81.46,81.47,🟢 Elite,🟢 Elite,UNCHANGED
2026-10-09,Municipal,2,2,0,78.88,75.05,🟡 Reliable,🟡 Reliable,UNCHANGED
2026-10-09,Marquense,3,3,0,62.18,62.19,🟠 Form-dependent,🟠 Form-dependent,UNCHANGED
2026-10-09,Xelajú MC,5,4,-1,55.2,55.21,🟠 Form-dependent,🟠 Form-dependent,CHANGED
2026-10-09,Deportivo Mixco,4,5,1,55.21,55.21,🟠 Form-dependent,🟠 Form-dependent,CHANGED
2026-10-09,Antigua GFC,6,6,0,50.67,51.03,🟠 Form-dependent,🟠 Form-dependent,UNCHANGED
2026-10-09,Cobán Imperial,7,7,0,47.13,47.14,⚪ Unranked,⚪ Unranked,UNCHANGED
2026-10-09,Comunicaciones,8,8,0,42.7,42.74,⚪ Unranked,⚪ Unranked,UNCHANGED
2026-10-09,Deportivo San Pedro,9,9,0,39.71,39.7,⚪ Unranked,⚪ Unranked,UNCHANGED
2026-10-09,Aurora FC,10,10,0,33.75,33.74,⚪ Unranked,⚪ Unranked,UNCHANGED
2026-10-09,CD Malacateco,11,11,0,27.66,27.64,⚪ Unranked,⚪ Unranked,UNCHANGED
2026-10-09,Suchitepequez,12,12,0,15.31,15.31,⚪ Unranked,⚪ Unranked,UNCHANGED
2026-10-09,Real España,1,1,0,80.26,80.26,🟢 Elite,🟢 Elite,UNCHANGED
2026-10-09,Club Deportivo Marathón,2,2,0,72.62,72.62,🟡 Reliable,🟡 Reliable,UNCHANGED
2026-10-09,Club Deportivo Olimpia,3,3,0,72.01,72.01,🟡 Reliable,🟡 Reliable,UNCHANGED
2026-10-09,FC Motagua,4,4,0,58.57,58.57,🟠 Form-dependent,🟠 Form-dependent,UNCHANGED
2026-10-09,Génesis PN,5,5,0,48.14,48.14,⚪ Unranked,⚪ Unranked,UNCHANGED
2026-10-09,Olancho FC,6,6,0,44.52,44.52,⚪ Unranked,⚪ Unranked,UNCHANGED
2026-10-09,CD Estrella Roja,7,7,0,40.51,40.51,⚪ Unranked,⚪ Unranked,UNCHANGED
2026-10-09,CA Independiente Siguatepeque,8,8,0,37.97,37.97,⚪ Unranked,⚪ Unranked,UNCHANGED
2026-10-09,UPNFM,9,9,0,36.39,36.39,⚪ Unranked,⚪ Unranked,UNCHANGED
2026-10-09,CD Choloma,10,10,0,35.19,35.19,⚪ Unranked,⚪ Unranked,UNCHANGED
2026-10-09,Juticalpa FC,11,11,0,28.17,28.17,⚪ Unranked,⚪ Unranked,UNCHANGED
2026-10-09,Platense,12,12,0,19.65,19.65,⚪ Unranked,⚪ Unranked,UNCHANGED
2026-10-09,Excursionistas,1,1,0,78.33,78.33,🟡 Reliable,🟡 Reliable,UNCHANGED
2026-10-09,Arsenal Sarandi,2,2,0,70.11,70.11,🟡 Reliable,🟡 Reliable,UNCHANGED
2026-10-09,Sportivo Italiano,3,3,0,67.5,67.5,🟡 Reliable,🟡 Reliable,UNCHANGED
2026-10-09,Deportivo Armenio,4,4,0,65.97,65.97,🟡 Reliable,🟡 Reliable,UNCHANGED
2026-10-09,Talleres de Remedios,5,5,0,64.18,64.18,🟠 Form-dependent,🟠 Form-dependent,UNCHANGED
2026-10-09,Real Pilar,6,6,0,59.58,59.58,🟠 Form-dependent,🟠 Form-dependent,UNCHANGED
2026-10-09,Comunicaciones,7,7,0,56.23,56.23,🟠 Form-dependent,🟠 Form-dependent,UNCHANGED
2026-10-09,Villa Dálmine,8,8,0,55.31,55.31,🟠 Form-dependent,🟠 Form-dependent,UNCHANGED
2026-10-09,San Martín (Burzaco),9,9,0,53.75,53.75,🟠 Form-dependent,🟠 Form-dependent,UNCHANGED
2026-10-09,Camioneros,10,10,0,52.26,52.26,🟠 Form-dependent,🟠 Form-dependent,UNCHANGED
2026-10-09,Villa San Carlos,11,11,0,48.29,48.29,⚪ Unranked,⚪ Unranked,UNCHANGED
2026-10-09,Deportivo Laferrere,12,12,0,45.75,45.75,⚪ Unranked,⚪ Unranked,UNCHANGED
2026-10-09,Dock Sud,13,13,0,40.5,40.5,⚪ Unranked,⚪ Unranked,UNCHANGED
2026-10-09,Defensores Unidos,14,14,0,38.73,38.73,⚪ Unranked,⚪ Unranked,UNCHANGED
2026-10-09,Liniers,15,15,0,38.28,38.28,⚪ Unranked,⚪ Unranked,UNCHANGED
2026-10-09,Argentino de Quilmes,16,16,0,37.54,37.54,⚪ Unranked,⚪ Unranked,UNCHANGED
2026-10-09,Deportivo Merlo,17,17,0,37.05,37.05,⚪ Unranked,⚪ Unranked,UNCHANGED
2026-10-09,Argentino de Merlo,18,18,0,34.34,34.34,⚪ Unranked,⚪ Unranked,UNCHANGED
2026-10-09,Brown de Adrogué,19,19,0,32.49,32.49,⚪ Unranked,⚪ Unranked,UNCHANGED
2026-10-09,UAI Urquiza,20,20,0,30.69,30.7,⚪ Unranked,⚪ Unranked,UNCHANGED
2026-10-09,Flandria,21,21,0,27.48,27.48,⚪ Unranked,⚪ Unranked,UNCHANGED
2026-10-09,Ituzaingó,22,22,0,11.06,11.06,⚪ Unranked,⚪ Unranked,UNCHANGED
2026-10-09,Bradford City,1,1,0,78.55,78.55,🟡 Reliable,🟡 Reliable,UNCHANGED
2026-10-09,Plymouth Argyle,2,2,0,73.97,73.99,🟡 Reliable,🟡 Reliable,UNCHANGED
2026-10-09,Sheffield Wednesday,3,3,0,70.92,70.91,🟡 Reliable,🟡 Reliable,UNCHANGED
2026-10-09,Huddersfield Town,4,4,0,67.76,67.77,🟡 Reliable,🟡 Reliable,UNCHANGED
2026-10-09,Stockport County,5,5,0,67.39,67.38,🟡 Reliable,🟡 Reliable,UNCHANGED
2026-10-09,Oxford United,6,6,0,63.6,63.6,🟠 Form-dependent,🟠 Form-dependent,UNCHANGED
2026-10-09,Cambridge United,7,7,0,62.74,62.74,🟠 Form-dependent,🟠 Form-dependent,UNCHANGED
2026-10-09,Reading,8,8,0,58.81,58.82,🟠 Form-dependent,🟠 Form-dependent,UNCHANGED
2026-10-09,AFC Wimbledon,9,9,0,55.1,55.1,🟠 Form-dependent,🟠 Form-dependent,UNCHANGED
2026-10-09,Leicester City,10,10,0,51.91,51.91,🟠 Form-dependent,🟠 Form-dependent,UNCHANGED
2026-10-09,Leyton Orient,11,11,0,49.56,49.54,⚪ Unranked,⚪ Unranked,UNCHANGED
2026-10-09,Stevenage,12,12,0,48.43,48.43,⚪ Unranked,⚪ Unranked,UNCHANGED
2026-10-09,Burton Albion,13,13,0,47.61,47.59,⚪ Unranked,⚪ Unranked,UNCHANGED
2026-10-09,Wycombe Wanderers,14,14,0,45.47,45.47,⚪ Unranked,⚪ Unranked,UNCHANGED
2026-10-09,Blackpool,15,15,0,36.87,36.87,⚪ Unranked,⚪ Unranked,UNCHANGED
2026-10-09,Luton Town,16,16,0,35.18,35.18,⚪ Unranked,⚪ Unranked,UNCHANGED
2026-10-09,Barnsley,17,17,0,32.55,32.55,⚪ Unranked,⚪ Unranked,UNCHANGED
2026-10-09,Mansfield Town,18,18,0,30.27,30.27,⚪ Unranked,⚪ Unranked,UNCHANGED
2026-10-09,Bromley,19,19,0,28.38,28.38,⚪ Unranked,⚪ Unranked,UNCHANGED
2026-10-09,Doncaster Rovers,20,20,0,28.3,28.3,⚪ Unranked,⚪ Unranked,UNCHANGED
2026-10-09,Notts County,21,21,0,26.87,26.87,⚪ Unranked,⚪ Unranked,UNCHANGED
2026-10-09,Milton Keynes Dons,22,22,0,25.35,25.35,⚪ Unranked,⚪ Unranked,UNCHANGED
2026-10-09,Wigan Athletic,23,23,0,19.54,19.54,⚪ Unranked,⚪ Unranked,UNCHANGED
2026-10-09,Peterborough United,24,24,0,16.68,16.68,⚪ Unranked,⚪ Unranked,UNCHANGED
2026-10-09,Salford City,1,1,0,77.46,77.48,🟡 Reliable,🟡 Reliable,UNCHANGED
2026-10-09,Barnet,2,2,0,74.23,74.22,🟡 Reliable,🟡 Reliable,UNCHANGED
2026-10-09,Cheltenham Town,3,3,0,63.94,63.92,🟠 Form-dependent,🟠 Form-dependent,UNCHANGED
2026-10-09,Crewe Alexandra,4,4,0,63.22,63.25,🟠 Form-dependent,🟠 Form-dependent,UNCHANGED
2026-10-09,Chesterfield,5,5,0,61.6,61.62,🟠 Form-dependent,🟠 Form-dependent,UNCHANGED
2026-10-09,York City,6,6,0,61.33,61.32,🟠 Form-dependent,🟠 Form-dependent,UNCHANGED
2026-10-09,Walsall,7,7,0,60.17,60.16,🟠 Form-dependent,🟠 Form-dependent,UNCHANGED
2026-10-09,Bristol Rovers,8,8,0,58.86,58.84,🟠 Form-dependent,🟠 Form-dependent,UNCHANGED
2026-10-09,Gillingham,9,9,0,57.83,57.83,🟠 Form-dependent,🟠 Form-dependent,UNCHANGED
2026-10-09,Rochdale,10,10,0,55.94,55.95,🟠 Form-dependent,🟠 Form-dependent,UNCHANGED
2026-10-09,Grimsby Town,11,11,0,53.47,53.45,🟠 Form-dependent,🟠 Form-dependent,UNCHANGED
2026-10-09,Shrewsbury Town,12,12,0,45.82,45.85,⚪ Unranked,⚪ Unranked,UNCHANGED
2026-10-09,Tranmere Rovers,13,13,0,43.74,43.73,⚪ Unranked,⚪ Unranked,UNCHANGED
2026-10-09,Accrington Stanley,14,14,0,42.58,42.6,⚪ Unranked,⚪ Unranked,UNCHANGED
2026-10-09,Newport County,15,15,0,40.91,40.91,⚪ Unranked,⚪ Unranked,UNCHANGED
2026-10-09,Swindon Town,16,16,0,40.11,40.1,⚪ Unranked,⚪ Unranked,UNCHANGED
2026-10-09,Rotherham United,17,17,0,36.38,36.36,⚪ Unranked,⚪ Unranked,UNCHANGED
2026-10-09,Fleetwood Town,18,18,0,33.28,33.27,⚪ Unranked,⚪ Unranked,UNCHANGED
2026-10-09,Colchester United,19,19,0,31.5,31.49,⚪ Unranked,⚪ Unranked,UNCHANGED
2026-10-09,Exeter City,20,20,0,31.11,31.13,⚪ Unranked,⚪ Unranked,UNCHANGED
2026-10-09,Northampton Town,21,21,0,26.78,26.78,⚪ Unranked,⚪ Unranked,UNCHANGED
2026-10-09,Port Vale,22,22,0,22.11,22.11,⚪ Unranked,⚪ Unranked,UNCHANGED
2026-10-09,Oldham Athletic,23,23,0,20.85,20.85,⚪ Unranked,⚪ Unranked,UNCHANGED
2026-10-09,Crawley Town,24,24,0,12.87,12.87,⚪ Unranked,⚪ Unranked,UNCHANGED
2026-10-09,Boreham Wood,1,1,0,93.42,93.43,🟢 Elite,🟢 Elite,UNCHANGED
2026-10-09,Harrogate Town,2,2,0,73.48,73.48,🟡 Reliable,🟡 Reliable,UNCHANGED
2026-10-09,Southend United,3,3,0,73.4,73.41,🟡 Reliable,🟡 Reliable,UNCHANGED
2026-10-09,Worthing,4,4,0,72.83,72.83,🟡 Reliable,🟡 Reliable,UNCHANGED
2026-10-09,Yeovil Town,5,5,0,72.12,72.12,🟡 Reliable,🟡 Reliable,UNCHANGED
2026-10-09,Altrincham,6,6,0,69.41,69.4,🟡 Reliable,🟡 Reliable,UNCHANGED
2026-10-09,Barrow,7,7,0,63.72,63.73,🟠 Form-dependent,🟠 Form-dependent,UNCHANGED
2026-10-09,AFC Fylde,8,8,0,56.29,56.28,🟠 Form-dependent,🟠 Form-dependent,UNCHANGED
2026-10-09,Kidderminster Harriers,9,9,0,52.45,52.45,🟠 Form-dependent,🟠 Form-dependent,UNCHANGED
2026-10-09,FC Halifax Town,10,10,0,50.61,50.61,🟠 Form-dependent,🟠 Form-dependent,UNCHANGED
2026-10-09,Sutton United,11,11,0,49.23,49.23,⚪ Unranked,⚪ Unranked,UNCHANGED
2026-10-09,AFC Hornchurch,12,12,0,47.94,47.94,⚪ Unranked,⚪ Unranked,UNCHANGED
2026-10-09,Aldershot Town,13,13,0,47.62,47.61,⚪ Unranked,⚪ Unranked,UNCHANGED
2026-10-09,Carlisle United,14,14,0,46.52,46.52,⚪ Unranked,⚪ Unranked,UNCHANGED
2026-10-09,Woking,15,15,0,45.98,45.99,⚪ Unranked,⚪ Unranked,UNCHANGED
2026-10-09,Tamworth,16,16,0,42.5,42.51,⚪ Unranked,⚪ Unranked,UNCHANGED
2026-10-09,Forest Green Rovers,17,17,0,42.14,42.14,⚪ Unranked,⚪ Unranked,UNCHANGED
2026-10-09,Eastleigh,18,18,0,35.16,35.16,⚪ Unranked,⚪ Unranked,UNCHANGED
2026-10-09,Scunthorpe United,19,19,0,30.88,30.88,⚪ Unranked,⚪ Unranked,UNCHANGED
2026-10-09,Wealdstone,20,20,0,30.77,30.76,⚪ Unranked,⚪ Unranked,UNCHANGED
2026-10-09,Boston United,21,21,0,30.65,30.65,⚪ Unranked,⚪ Unranked,UNCHANGED
2026-10-09,Solihull Moors,22,22,0,23.13,23.13,⚪ Unranked,⚪ Unranked,UNCHANGED
2026-10-09,Hartlepool United,23,23,0,16.0,16.0,⚪ Unranked,⚪ Unranked,UNCHANGED
2026-10-09,Gateshead,24,24,0,7.62,7.62,⚪ Unranked,⚪ Unranked,UNCHANGED
2026-10-09,Shamrock Rovers,2,1,-1,70.35,75.85,🟡 Reliable,🟡 Reliable,CHANGED
2026-10-09,St Patrick's Athletic,1,2,1,72.31,69.72,🟡 Reliable,🟡 Reliable,CHANGED
2026-10-09,Bohemians,3,3,0,65.11,62.53,🟡 Reliable,🟠 Form-dependent,CHANGED
2026-10-09,Shelbourne,4,4,0,52.5,52.5,🟠 Form-dependent,🟠 Form-dependent,UNCHANGED
2026-10-09,Derry City,5,5,0,50.87,50.87,🟠 Form-dependent,🟠 Form-dependent,UNCHANGED
2026-10-09,Dundalk,6,6,0,45.63,45.63,⚪ Unranked,⚪ Unranked,UNCHANGED
2026-10-09,Galway United,7,7,0,38.69,38.69,⚪ Unranked,⚪ Unranked,UNCHANGED
2026-10-09,Waterford,8,8,0,31.23,31.23,⚪ Unranked,⚪ Unranked,UNCHANGED
2026-10-09,Drogheda United,9,9,0,27.32,27.0,⚪ Unranked,⚪ Unranked,UNCHANGED
2026-10-09,Sligo Rovers,10,10,0,24.9,24.9,⚪ Unranked,⚪ Unranked,UNCHANGED
2026-10-09,Red Star Belgrade,1,1,0,95.39,95.39,🟢 Elite,🟢 Elite,UNCHANGED
2026-10-09,Vojvodina,2,2,0,81.39,81.39,🟢 Elite,🟢 Elite,UNCHANGED
2026-10-09,Radnički 1923,3,3,0,77.05,77.05,🟡 Reliable,🟡 Reliable,UNCHANGED
2026-10-09,Mladost,4,4,0,59.85,59.85,🟠 Form-dependent,🟠 Form-dependent,UNCHANGED
2026-10-09,Železničar,5,5,0,58.9,58.9,🟠 Form-dependent,🟠 Form-dependent,UNCHANGED
2026-10-09,IMT,6,6,0,52.4,52.4,🟠 Form-dependent,🟠 Form-dependent,UNCHANGED
2026-10-09,Novi Pazar,7,7,0,49.88,49.88,⚪ Unranked,⚪ Unranked,UNCHANGED
2026-10-09,Radnik,8,8,0,41.8,41.8,⚪ Unranked,⚪ Unranked,UNCHANGED
2026-10-09,Čukarički,9,9,0,36.0,36.0,⚪ Unranked,⚪ Unranked,UNCHANGED
2026-10-09,OFK Beograd,10,10,0,31.44,31.44,⚪ Unranked,⚪ Unranked,UNCHANGED
2026-10-09,Radnički Niš,11,11,0,29.76,29.76,⚪ Unranked,⚪ Unranked,UNCHANGED
2026-10-09,Partizan,12,12,0,26.61,26.61,⚪ Unranked,⚪ Unranked,UNCHANGED
2026-10-09,Mačva,13,13,0,19.43,19.43,⚪ Unranked,⚪ Unranked,UNCHANGED
2026-10-09,Zemun,14,14,0,12.31,12.31,⚪ Unranked,⚪ Unranked,UNCHANGED
2026-10-09,Levski Sofia,1,1,0,94.97,94.97,🟢 Elite,🟢 Elite,UNCHANGED
2026-10-09,CSKA Sofia,2,2,0,90.33,90.33,🟢 Elite,🟢 Elite,UNCHANGED
2026-10-09,Ludogorets,3,3,0,79.9,79.9,🟡 Reliable,🟡 Reliable,UNCHANGED
2026-10-09,CSKA 1948,4,4,0,66.41,66.41,🟡 Reliable,🟡 Reliable,UNCHANGED
2026-10-09,Arda,5,5,0,57.4,57.4,🟠 Form-dependent,🟠 Form-dependent,UNCHANGED
2026-10-09,Botev Plovdiv,6,6,0,53.08,53.08,🟠 Form-dependent,🟠 Form-dependent,UNCHANGED
2026-10-09,Spartak Varna,7,7,0,41.3,41.3,⚪ Unranked,⚪ Unranked,UNCHANGED
2026-10-09,Slavia Sofia,8,8,0,39.53,39.53,⚪ Unranked,⚪ Unranked,UNCHANGED
2026-10-09,Septemvri Sofia,9,9,0,37.85,37.85,⚪ Unranked,⚪ Unranked,UNCHANGED
2026-10-09,Botev Vratsa,10,10,0,33.3,33.3,⚪ Unranked,⚪ Unranked,UNCHANGED
2026-10-09,Lokomotiv Plovdiv,11,11,0,29.18,29.18,⚪ Unranked,⚪ Unranked,UNCHANGED
2026-10-09,Lokomotiv Sofia,12,12,0,18.87,18.87,⚪ Unranked,⚪ Unranked,UNCHANGED
2026-10-09,Dunav Ruse,13,13,0,16.79,16.79,⚪ Unranked,⚪ Unranked,UNCHANGED
2026-10-09,Cherno More,14,14,0,14.74,14.74,⚪ Unranked,⚪ Unranked,UNCHANGED
2026-10-09,Bravo,1,1,0,75.95,75.93,🟡 Reliable,🟡 Reliable,UNCHANGED
2026-10-09,Maribor,2,2,0,72.36,72.33,🟡 Reliable,🟡 Reliable,UNCHANGED
2026-10-09,Koper,3,3,0,69.17,69.25,🟡 Reliable,🟡 Reliable,UNCHANGED
2026-10-09,Celje,4,4,0,55.48,55.51,🟠 Form-dependent,🟠 Form-dependent,UNCHANGED
2026-10-09,Olimpija Ljubljana,5,5,0,52.08,52.05,🟠 Form-dependent,🟠 Form-dependent,UNCHANGED
2026-10-09,Aluminij,6,6,0,50.78,50.81,🟠 Form-dependent,🟠 Form-dependent,UNCHANGED
2026-10-09,Nafta 1903,7,7,0,45.3,45.22,⚪ Unranked,⚪ Unranked,UNCHANGED
2026-10-09,Brinje Grosuplje,8,8,0,36.3,36.43,⚪ Unranked,⚪ Unranked,UNCHANGED
2026-10-09,Radomlje,9,9,0,33.28,33.26,⚪ Unranked,⚪ Unranked,UNCHANGED
2026-10-09,Mura,10,10,0,20.96,21.0,⚪ Unranked,⚪ Unranked,UNCHANGED
2026-10-09,Slovan Bratislava,1,1,0,96.54,96.54,🟢 Elite,🟢 Elite,UNCHANGED
2026-10-09,Spartak Trnava,2,2,0,89.78,89.78,🟢 Elite,🟢 Elite,UNCHANGED
2026-10-09,DAC Dunajská Streda,3,3,0,89.31,89.31,🟢 Elite,🟢 Elite,UNCHANGED
2026-10-09,Žilina,4,4,0,68.12,68.12,🟡 Reliable,🟡 Reliable,UNCHANGED
2026-10-09,Podbrezová,5,5,0,60.75,60.75,🟠 Form-dependent,🟠 Form-dependent,UNCHANGED
2026-10-09,Skalica,6,6,0,49.97,49.97,⚪ Unranked,⚪ Unranked,UNCHANGED
2026-10-09,Košice,7,7,0,45.37,45.37,⚪ Unranked,⚪ Unranked,UNCHANGED
2026-10-09,Zemplín Michalovce,8,8,0,31.84,31.84,⚪ Unranked,⚪ Unranked,UNCHANGED
2026-10-09,Dukla Banská Bystrica,9,9,0,23.68,23.68,⚪ Unranked,⚪ Unranked,UNCHANGED
2026-10-09,Trenčín,10,10,0,20.5,20.5,⚪ Unranked,⚪ Unranked,UNCHANGED
2026-10-09,Komárno,11,11,0,17.37,17.37,⚪ Unranked,⚪ Unranked,UNCHANGED
2026-10-09,Ružomberok,12,12,0,6.25,6.25,⚪ Unranked,⚪ Unranked,UNCHANGED
2026-10-09,Dinamo Minsk,1,1,0,78.52,78.52,🟡 Reliable,🟡 Reliable,UNCHANGED
2026-10-09,Isloch Minsk Raion,2,2,0,77.99,77.99,🟡 Reliable,🟡 Reliable,UNCHANGED
2026-10-09,Maxline Vitebsk,3,3,0,75.58,75.58,🟡 Reliable,🟡 Reliable,UNCHANGED
2026-10-09,Dynamo Brest,4,4,0,72.74,72.74,🟡 Reliable,🟡 Reliable,UNCHANGED
2026-10-09,Vitebsk,5,5,0,65.0,65.0,🟠 Form-dependent,🟠 Form-dependent,UNCHANGED
2026-10-09,Gomel,6,6,0,61.25,61.25,🟠 Form-dependent,🟠 Form-dependent,UNCHANGED
2026-10-09,Neman Grodno,7,7,0,56.81,56.81,🟠 Form-dependent,🟠 Form-dependent,UNCHANGED
2026-10-09,Minsk,8,8,0,48.9,48.9,⚪ Unranked,⚪ Unranked,UNCHANGED
2026-10-09,Torpedo-BelAZ Zhodino,9,9,0,47.86,47.86,⚪ Unranked,⚪ Unranked,UNCHANGED
2026-10-09,Slavia Mozyr,10,10,0,41.21,41.21,⚪ Unranked,⚪ Unranked,UNCHANGED
2026-10-09,Baranovichi,11,11,0,38.05,38.05,⚪ Unranked,⚪ Unranked,UNCHANGED
2026-10-09,Arsenal Dzerzhinsk,12,12,0,35.09,35.09,⚪ Unranked,⚪ Unranked,UNCHANGED
2026-10-09,Belshina Bobruisk,13,13,0,25.65,25.65,⚪ Unranked,⚪ Unranked,UNCHANGED
2026-10-09,BATE Borisov,14,14,0,24.61,24.61,⚪ Unranked,⚪ Unranked,UNCHANGED
2026-10-09,Dnepr Mogilev,15,15,0,19.23,19.23,⚪ Unranked,⚪ Unranked,UNCHANGED
2026-10-09,Naftan Novopolotsk,16,16,0,18.96,18.96,⚪ Unranked,⚪ Unranked,UNCHANGED
2026-10-09,Teuta,1,1,0,89.26,89.26,🟢 Elite,🟢 Elite,UNCHANGED
2026-10-09,Egnatia,2,2,0,79.71,79.71,🟡 Reliable,🟡 Reliable,UNCHANGED
2026-10-09,Dinamo City,3,3,0,78.83,78.83,🟡 Reliable,🟡 Reliable,UNCHANGED
2026-10-09,Laçi,4,4,0,53.22,53.22,🟠 Form-dependent,🟠 Form-dependent,UNCHANGED
2026-10-09,Elbasani,5,5,0,47.16,47.16,⚪ Unranked,⚪ Unranked,UNCHANGED
2026-10-09,Tirana,6,6,0,40.06,40.06,⚪ Unranked,⚪ Unranked,UNCHANGED
2026-10-09,Vora,7,7,0,27.58,27.58,⚪ Unranked,⚪ Unranked,UNCHANGED
2026-10-09,Partizani,8,8,0,26.51,26.51,⚪ Unranked,⚪ Unranked,UNCHANGED
2026-10-09,Skënderbeu,9,9,0,22.53,22.53,⚪ Unranked,⚪ Unranked,UNCHANGED
2026-10-09,Vllaznia,10,10,0,15.98,15.98,⚪ Unranked,⚪ Unranked,UNCHANGED
2026-10-09,Dinamo Batumi,1,1,0,72.85,72.85,🟡 Reliable,🟡 Reliable,UNCHANGED
2026-10-09,Dinamo Tbilisi,2,2,0,68.84,68.84,🟡 Reliable,🟡 Reliable,UNCHANGED
2026-10-09,Iberia 1999,3,3,0,60.99,60.99,🟠 Form-dependent,🟠 Form-dependent,UNCHANGED
2026-10-09,Rustavi,4,4,0,60.27,60.27,🟠 Form-dependent,🟠 Form-dependent,UNCHANGED
2026-10-09,Dila Gori,5,5,0,52.18,52.18,🟠 Form-dependent,🟠 Form-dependent,UNCHANGED
2026-10-09,Torpedo Kutaisi,6,6,0,49.84,49.84,⚪ Unranked,⚪ Unranked,UNCHANGED
2026-10-09,Samgurali Tsqaltubo,7,7,0,36.44,36.44,⚪ Unranked,⚪ Unranked,UNCHANGED
2026-10-09,Gagra,8,8,0,36.13,36.13,⚪ Unranked,⚪ Unranked,UNCHANGED
2026-10-09,Spaeri,9,9,0,24.6,24.6,⚪ Unranked,⚪ Unranked,UNCHANGED
2026-10-09,Meshakhte,10,10,0,21.09,21.09,⚪ Unranked,⚪ Unranked,UNCHANGED
2026-10-09,Club Africain,1,1,0,96.22,96.22,🟢 Elite,🟢 Elite,UNCHANGED
2026-10-09,Espérance de Tunis,2,2,0,86.49,86.49,🟢 Elite,🟢 Elite,UNCHANGED
2026-10-09,PS Sakiet Eddaïer,3,3,0,71.97,71.97,🟡 Reliable,🟡 Reliable,UNCHANGED
2026-10-09,CS Sfaxien,4,4,0,70.22,70.22,🟡 Reliable,🟡 Reliable,UNCHANGED
2026-10-09,US Ben Guerdane,5,5,0,68.04,68.04,🟡 Reliable,🟡 Reliable,UNCHANGED
2026-10-09,US Monastir,6,6,0,66.32,66.32,🟡 Reliable,🟡 Reliable,UNCHANGED
2026-10-09,CA Bizertin,7,7,0,56.83,56.83,🟠 Form-dependent,🟠 Form-dependent,UNCHANGED
2026-10-09,JS El Omrane,8,8,0,55.08,55.08,🟠 Form-dependent,🟠 Form-dependent,UNCHANGED
2026-10-09,Étoile du Sahel,9,9,0,49.63,49.63,⚪ Unranked,⚪ Unranked,UNCHANGED
2026-10-09,Stade Tunisien,10,10,0,46.91,46.91,⚪ Unranked,⚪ Unranked,UNCHANGED
2026-10-09,ES Zarzis,11,11,0,28.6,28.6,⚪ Unranked,⚪ Unranked,UNCHANGED
2026-10-09,AS Marsa,12,12,0,28.17,28.17,⚪ Unranked,⚪ Unranked,UNCHANGED
2026-10-09,ES Métlaoui,13,13,0,26.86,26.86,⚪ Unranked,⚪ Unranked,UNCHANGED
2026-10-09,Olympique Béja,14,14,0,20.03,20.03,⚪ Unranked,⚪ Unranked,UNCHANGED
2026-10-09,ES Hammam Sousse,15,15,0,12.33,12.33,⚪ Unranked,⚪ Unranked,UNCHANGED
2026-10-09,CS Hammam-Lif,16,16,0,5.67,5.67,⚪ Unranked,⚪ Unranked,UNCHANGED
2026-10-09,Al-Karma,1,1,0,86.32,86.32,🟢 Elite,🟢 Elite,UNCHANGED
2026-10-09,Erbil,3,2,-1,74.83,74.9,🟡 Reliable,🟡 Reliable,CHANGED
2026-10-09,Al-Zawraa,2,3,1,79.45,73.25,🟡 Reliable,🟡 Reliable,CHANGED
2026-10-09,Al-Naft,5,4,-1,66.54,66.54,🟡 Reliable,🟡 Reliable,CHANGED
2026-10-09,Al-Shorta,4,5,1,67.9,64.43,🟡 Reliable,🟠 Form-dependent,CHANGED
2026-10-09,Newroz,6,6,0,60.98,60.98,🟠 Form-dependent,🟠 Form-dependent,UNCHANGED
2026-10-09,Duhok,9,7,-2,47.69,54.05,⚪ Unranked,🟠 Form-dependent,CHANGED
2026-10-09,Al-Jolan,7,8,1,50.23,48.38,🟠 Form-dependent,⚪ Unranked,CHANGED
2026-10-09,Al-Quwa Al-Jawiya,13,9,-4,38.65,48.06,⚪ Unranked,⚪ Unranked,CHANGED
2026-10-09,Zakho,10,10,0,45.14,44.22,⚪ Unranked,⚪ Unranked,UNCHANGED
2026-10-09,Al-Talaba,8,11,3,47.9,43.04,⚪ Unranked,⚪ Unranked,CHANGED
2026-10-09,Diyala,11,12,1,42.36,41.43,⚪ Unranked,⚪ Unranked,CHANGED
2026-10-09,Al-Minaa,12,13,1,42.01,41.08,⚪ Unranked,⚪ Unranked,CHANGED
2026-10-09,Ghaz Al-Shamal,15,14,-1,31.46,31.46,⚪ Unranked,⚪ Unranked,CHANGED
2026-10-09,Naft Maysan,17,15,-2,27.56,30.86,⚪ Unranked,⚪ Unranked,CHANGED
2026-10-09,Al-Karkh,16,16,0,29.63,29.63,⚪ Unranked,⚪ Unranked,UNCHANGED
2026-10-09,Al-Mosul,14,17,3,34.01,27.84,⚪ Unranked,⚪ Unranked,CHANGED
2026-10-09,Al-Kahrabaa,18,18,0,24.22,23.28,⚪ Unranked,⚪ Unranked,UNCHANGED
2026-10-09,Karbala,19,19,0,21.16,21.16,⚪ Unranked,⚪ Unranked,UNCHANGED
2026-10-09,Al-Gharraf,20,20,0,17.47,17.47,⚪ Unranked,⚪ Unranked,UNCHANGED
2026-10-09,Al-Faisaly,1,1,0,84.71,84.71,🟢 Elite,🟢 Elite,UNCHANGED
2026-10-09,Al-Ramtha,2,2,0,79.93,79.93,🟡 Reliable,🟡 Reliable,UNCHANGED
2026-10-09,Al-Jazeera,3,3,0,63.92,63.92,🟠 Form-dependent,🟠 Form-dependent,UNCHANGED
2026-10-09,Al-Salt,4,4,0,51.84,51.84,🟠 Form-dependent,🟠 Form-dependent,UNCHANGED
2026-10-09,Al-Baqa'a,5,5,0,47.29,47.29,⚪ Unranked,⚪ Unranked,UNCHANGED
2026-10-09,Shabab Al-Ordon,6,6,0,39.81,39.81,⚪ Unranked,⚪ Unranked,UNCHANGED
2026-10-09,Doqara,7,7,0,38.28,38.28,⚪ Unranked,⚪ Unranked,UNCHANGED
2026-10-09,Al-Wehdat,8,8,0,27.16,27.16,⚪ Unranked,⚪ Unranked,UNCHANGED
2026-10-09,Al-Hussein,9,9,0,22.19,22.19,⚪ Unranked,⚪ Unranked,UNCHANGED
2026-10-09,Al-Arabi,10,10,0,13.03,13.03,⚪ Unranked,⚪ Unranked,UNCHANGED
2026-10-09,Kazma SC,1,1,0,83.93,83.91,🟢 Elite,🟢 Elite,UNCHANGED
2026-10-09,Al Kuwait SC,2,2,0,77.29,77.29,🟡 Reliable,🟡 Reliable,UNCHANGED
2026-10-09,Al Qadsia SC,3,3,0,74.47,74.47,🟡 Reliable,🟡 Reliable,UNCHANGED
2026-10-09,Al Nasr SC Kuwait,4,4,0,66.13,66.1,🟡 Reliable,🟡 Reliable,UNCHANGED
2026-10-09,Al Salmiya SC,5,5,0,64.63,64.63,🟠 Form-dependent,🟠 Form-dependent,UNCHANGED
2026-10-09,Al Sahel SC,6,6,0,48.15,48.15,⚪ Unranked,⚪ Unranked,UNCHANGED
2026-10-09,Al Shabab SC,7,7,0,42.8,42.78,⚪ Unranked,⚪ Unranked,UNCHANGED
2026-10-09,Al Fahaheel SC,8,8,0,41.76,41.78,⚪ Unranked,⚪ Unranked,UNCHANGED
2026-10-09,Al Jahra SC,9,9,0,38.27,38.27,⚪ Unranked,⚪ Unranked,UNCHANGED
2026-10-09,Al Sulaibikhat FC,10,10,0,25.61,25.61,⚪ Unranked,⚪ Unranked,UNCHANGED
2026-10-09,Al Arabi SC Kuwait,11,11,0,24.25,24.24,⚪ Unranked,⚪ Unranked,UNCHANGED
2026-10-09,Tadhamon SC,12,12,0,4.25,4.25,⚪ Unranked,⚪ Unranked,UNCHANGED
2026-10-09,Cong An Hanoi,1,1,0,97.68,97.68,🟢 Elite,🟢 Elite,UNCHANGED
2026-10-09,Ninh Binh,2,2,0,95.71,95.71,🟢 Elite,🟢 Elite,UNCHANGED
2026-10-09,Song Lam Nghe An,3,3,0,93.72,93.72,🟢 Elite,🟢 Elite,UNCHANGED
2026-10-09,SHB Da Nang,4,4,0,59.72,59.06,🟠 Form-dependent,🟠 Form-dependent,UNCHANGED
2026-10-09,Thep Xanh Nam Dinh,5,5,0,56.87,56.21,🟠 Form-dependent,🟠 Form-dependent,UNCHANGED
2026-10-09,Hong Linh Ha Tinh,11,6,-5,43.13,54.5,⚪ Unranked,🟠 Form-dependent,CHANGED
2026-10-09,Cong An Ho Chi Minh City,6,7,1,54.89,54.23,🟠 Form-dependent,🟠 Form-dependent,CHANGED
2026-10-09,Thanh Hoa,8,8,0,50.0,50.0,🟠 Form-dependent,🟠 Form-dependent,UNCHANGED
2026-10-09,Bac Ninh,9,9,0,48.02,48.02,⚪ Unranked,⚪ Unranked,UNCHANGED
2026-10-09,The Cong-Viettel,7,10,3,52.9,46.12,🟠 Form-dependent,⚪ Unranked,CHANGED
2026-10-09,Haiphong,10,11,1,45.11,44.45,⚪ Unranked,⚪ Unranked,CHANGED
2026-10-09,Hanoi FC,12,12,0,7.71,7.71,⚪ Unranked,⚪ Unranked,UNCHANGED
2026-10-09,Dong Nai City,13,13,0,6.29,6.29,⚪ Unranked,⚪ Unranked,UNCHANGED
2026-10-09,Hoang Anh Gia Lai,14,14,0,3.31,3.31,⚪ Unranked,⚪ Unranked,UNCHANGED
2026-10-09,Lee Man,1,1,0,98.18,98.18,🟢 Elite,🟢 Elite,UNCHANGED
2026-10-09,North District,2,2,0,86.58,86.58,🟢 Elite,🟢 Elite,UNCHANGED
2026-10-09,Kitchee,3,3,0,79.67,79.67,🟡 Reliable,🟡 Reliable,UNCHANGED
2026-10-09,Southern,4,4,0,67.24,67.23,🟡 Reliable,🟡 Reliable,UNCHANGED
2026-10-09,Tai Po,5,5,0,54.92,54.92,🟠 Form-dependent,🟠 Form-dependent,UNCHANGED
2026-10-09,Eastern District,6,6,0,39.88,39.88,⚪ Unranked,⚪ Unranked,UNCHANGED
2026-10-09,Eastern,7,7,0,35.07,35.07,⚪ Unranked,⚪ Unranked,UNCHANGED
2026-10-09,Sha Tin,8,8,0,25.49,25.49,⚪ Unranked,⚪ Unranked,UNCHANGED
2026-10-09,Kowloon City,9,9,0,22.97,22.97,⚪ Unranked,⚪ Unranked,UNCHANGED
2026-10-09,HKFC,10,10,0,22.09,22.09,⚪ Unranked,⚪ Unranked,UNCHANGED
2026-10-09,Rangers,11,11,0,19.41,19.41,⚪ Unranked,⚪ Unranked,UNCHANGED
2026-10-09,Detroit City FC,1,1,0,70.76,70.76,🟡 Reliable,🟡 Reliable,UNCHANGED
2026-10-09,El Paso Locomotive FC,2,2,0,69.59,69.59,🟡 Reliable,🟡 Reliable,UNCHANGED
2026-10-09,Charleston Battery,3,3,0,69.5,69.5,🟡 Reliable,🟡 Reliable,UNCHANGED
2026-10-09,Tampa Bay Rowdies,4,4,0,69.12,69.12,🟡 Reliable,🟡 Reliable,UNCHANGED
2026-10-09,Sacramento Republic FC,5,5,0,67.61,67.61,🟡 Reliable,🟡 Reliable,UNCHANGED
2026-10-09,Lexington,6,6,0,67.61,67.61,🟡 Reliable,🟡 Reliable,UNCHANGED
2026-10-09,New Mexico United,7,7,0,58.09,58.09,🟠 Form-dependent,🟠 Form-dependent,UNCHANGED
2026-10-09,Colorado Springs Switchbacks FC,8,8,0,57.77,57.77,🟠 Form-dependent,🟠 Form-dependent,UNCHANGED
2026-10-09,Hartford Athletic,9,9,0,56.09,56.09,🟠 Form-dependent,🟠 Form-dependent,UNCHANGED
2026-10-09,Rhode Island FC,10,10,0,55.58,55.58,🟠 Form-dependent,🟠 Form-dependent,UNCHANGED
2026-10-09,FC Tulsa,11,11,0,54.14,54.14,🟠 Form-dependent,🟠 Form-dependent,UNCHANGED
2026-10-09,Miami FC,12,12,0,53.16,53.16,🟠 Form-dependent,🟠 Form-dependent,UNCHANGED
2026-10-09,Orange County SC,13,13,0,45.23,45.23,⚪ Unranked,⚪ Unranked,UNCHANGED
2026-10-09,Pittsburgh Riverhounds,14,14,0,44.88,44.88,⚪ Unranked,⚪ Unranked,UNCHANGED
2026-10-09,Las Vegas Lights FC,15,15,0,44.22,44.22,⚪ Unranked,⚪ Unranked,UNCHANGED
2026-10-09,Louisville City FC,16,16,0,43.78,43.78,⚪ Unranked,⚪ Unranked,UNCHANGED
2026-10-09,Oakland Roots,17,17,0,42.01,42.01,⚪ Unranked,⚪ Unranked,UNCHANGED
2026-10-09,San Antonio FC,18,18,0,39.32,39.32,⚪ Unranked,⚪ Unranked,UNCHANGED
2026-10-09,Indy Eleven,19,19,0,35.97,35.97,⚪ Unranked,⚪ Unranked,UNCHANGED
2026-10-09,Phoenix Rising FC,20,20,0,33.69,33.69,⚪ Unranked,⚪ Unranked,UNCHANGED
2026-10-09,Birmingham Legion FC,21,21,0,29.06,29.06,⚪ Unranked,⚪ Unranked,UNCHANGED
2026-10-09,Loudoun United FC,22,22,0,28.23,28.23,⚪ Unranked,⚪ Unranked,UNCHANGED
2026-10-09,Monterey Bay,23,23,0,25.62,25.62,⚪ Unranked,⚪ Unranked,UNCHANGED
2026-10-09,Sporting JAX,24,24,0,15.41,15.41,⚪ Unranked,⚪ Unranked,UNCHANGED
2026-10-09,Brooklyn FC,25,25,0,15.25,15.25,⚪ Unranked,⚪ Unranked,UNCHANGED
2026-10-09,Union Omaha,1,1,0,80.04,80.04,🟢 Elite,🟢 Elite,UNCHANGED
2026-10-09,Charlotte Independence,2,2,0,76.22,76.22,🟡 Reliable,🟡 Reliable,UNCHANGED
2026-10-09,Spokane Velocity FC,3,3,0,65.73,65.73,🟡 Reliable,🟡 Reliable,UNCHANGED
2026-10-09,Forward Madison FC,4,4,0,61.39,61.39,🟠 Form-dependent,🟠 Form-dependent,UNCHANGED
2026-10-09,One Knoxville,6,5,-1,60.5,61.12,🟠 Form-dependent,🟠 Form-dependent,CHANGED
2026-10-09,Athletic Club Boise,5,6,1,60.92,60.75,🟠 Form-dependent,🟠 Form-dependent,CHANGED
2026-10-09,FC Naples,7,7,0,51.87,52.52,🟠 Form-dependent,🟠 Form-dependent,UNCHANGED
2026-10-09,Fort Wayne,8,8,0,49.52,49.59,⚪ Unranked,⚪ Unranked,UNCHANGED
2026-10-09,Chattanooga Red Wolves,9,9,0,49.08,48.42,⚪ Unranked,⚪ Unranked,UNCHANGED
2026-10-09,Westchester SC,10,10,0,48.37,48.37,⚪ Unranked,⚪ Unranked,UNCHANGED
2026-10-09,Corpus Christi FC,11,11,0,43.86,43.62,⚪ Unranked,⚪ Unranked,UNCHANGED
2026-10-09,Sarasota Paradise,12,12,0,41.32,41.32,⚪ Unranked,⚪ Unranked,UNCHANGED
2026-10-09,Portland Hearts of Pine,13,13,0,32.64,32.64,⚪ Unranked,⚪ Unranked,UNCHANGED
2026-10-09,AV Alta FC,14,14,0,25.37,25.37,⚪ Unranked,⚪ Unranked,UNCHANGED
2026-10-09,New York Cosmos,15,15,0,25.03,25.03,⚪ Unranked,⚪ Unranked,UNCHANGED
2026-10-09,Richmond Kickers,16,16,0,19.44,19.41,⚪ Unranked,⚪ Unranked,UNCHANGED
2026-10-09,Greenville Triumph,17,17,0,16.53,16.53,⚪ Unranked,⚪ Unranked,UNCHANGED
2026-10-09,UD Logroñés,1,1,0,92.92,93.0,🟢 Elite,🟢 Elite,UNCHANGED
2026-10-09,Lugo,2,2,0,87.67,87.67,🟢 Elite,🟢 Elite,UNCHANGED
2026-10-09,Racing Ferrol,3,3,0,73.97,74.0,🟡 Reliable,🟡 Reliable,UNCHANGED
2026-10-09,Ponferradina,4,4,0,68.78,68.99,🟡 Reliable,🟡 Reliable,UNCHANGED
2026-10-09,Cacereño,5,5,0,65.56,65.43,🟡 Reliable,🟡 Reliable,UNCHANGED
2026-10-09,Mirandés,6,6,0,65.4,65.33,🟡 Reliable,🟡 Reliable,UNCHANGED
2026-10-09,Bilbao Athletic,7,7,0,64.01,63.83,🟠 Form-dependent,🟠 Form-dependent,UNCHANGED
2026-10-09,Zamora,8,8,0,61.6,61.81,🟠 Form-dependent,🟠 Form-dependent,UNCHANGED
2026-10-09,Cultural Leonesa,9,9,0,52.61,52.54,🟠 Form-dependent,🟠 Form-dependent,UNCHANGED
2026-10-09,Real Unión,10,10,0,52.49,52.47,🟠 Form-dependent,🟠 Form-dependent,UNCHANGED
2026-10-09,Pontevedra,11,11,0,50.38,50.28,🟠 Form-dependent,🟠 Form-dependent,UNCHANGED
2026-10-09,Deportivo Fabril,12,12,0,49.12,49.0,⚪ Unranked,⚪ Unranked,UNCHANGED
2026-10-09,Mérida,13,13,0,35.57,35.8,⚪ Unranked,⚪ Unranked,UNCHANGED
2026-10-09,Extremadura,14,14,0,32.72,32.99,⚪ Unranked,⚪ Unranked,UNCHANGED
2026-10-09,Barakaldo,15,15,0,31.47,31.43,⚪ Unranked,⚪ Unranked,UNCHANGED
2026-10-09,Avilés,16,16,0,29.45,29.37,⚪ Unranked,⚪ Unranked,UNCHANGED
2026-10-09,Unionistas,17,17,0,27.96,27.98,⚪ Unranked,⚪ Unranked,UNCHANGED
2026-10-09,Coria,18,18,0,26.75,26.63,⚪ Unranked,⚪ Unranked,UNCHANGED
2026-10-09,UD Ourense,19,19,0,13.38,13.4,⚪ Unranked,⚪ Unranked,UNCHANGED
2026-10-09,Arenas,20,20,0,9.65,9.68,⚪ Unranked,⚪ Unranked,UNCHANGED
2026-10-09,Cittadella,1,1,0,90.14,90.01,🟢 Elite,🟢 Elite,UNCHANGED
2026-10-09,Union Brescia,2,2,0,79.52,79.47,🟡 Reliable,🟡 Reliable,UNCHANGED
2026-10-09,Ospitaletto,3,3,0,75.72,75.67,🟡 Reliable,🟡 Reliable,UNCHANGED
2026-10-09,Trento,4,4,0,71.22,71.18,🟡 Reliable,🟡 Reliable,UNCHANGED
2026-10-09,Arzignano,5,5,0,67.84,67.81,🟡 Reliable,🟡 Reliable,UNCHANGED
2026-10-09,Treviso,6,6,0,63.68,63.65,🟠 Form-dependent,🟠 Form-dependent,UNCHANGED
2026-10-09,AlbinoLeffe,7,7,0,59.57,59.75,🟠 Form-dependent,🟠 Form-dependent,UNCHANGED
2026-10-09,Alcione Milano,8,8,0,54.95,54.93,🟠 Form-dependent,🟠 Form-dependent,UNCHANGED
2026-10-09,Dolomiti Bellunesi,9,9,0,51.78,51.6,🟠 Form-dependent,🟠 Form-dependent,UNCHANGED
2026-10-09,Desenzano,10,10,0,48.57,48.77,⚪ Unranked,⚪ Unranked,UNCHANGED
2026-10-09,Novara,11,11,0,44.23,44.54,⚪ Unranked,⚪ Unranked,UNCHANGED
2026-10-09,Lecco,12,12,0,42.51,42.45,⚪ Unranked,⚪ Unranked,UNCHANGED
2026-10-09,Pro Vercelli,13,13,0,39.29,39.62,⚪ Unranked,⚪ Unranked,UNCHANGED
2026-10-09,Lumezzane,14,14,0,38.42,38.15,⚪ Unranked,⚪ Unranked,UNCHANGED
2026-10-09,Pergolettese,15,15,0,34.25,34.14,⚪ Unranked,⚪ Unranked,UNCHANGED
2026-10-09,Folgore Caratese,16,16,0,28.64,28.49,⚪ Unranked,⚪ Unranked,UNCHANGED
2026-10-09,Juventus Next Gen,17,17,0,25.94,26.0,⚪ Unranked,⚪ Unranked,UNCHANGED
2026-10-09,Carpi,18,18,0,22.65,22.5,⚪ Unranked,⚪ Unranked,UNCHANGED
2026-10-09,Giana Erminio,19,19,0,18.15,18.18,⚪ Unranked,⚪ Unranked,UNCHANGED
2026-10-09,Renate,20,20,0,13.63,13.66,⚪ Unranked,⚪ Unranked,UNCHANGED
2026-10-09,MSV Duisburg,1,1,0,87.19,87.19,🟢 Elite,🟢 Elite,UNCHANGED
2026-10-09,Viktoria Köln,2,2,0,80.38,80.38,🟢 Elite,🟢 Elite,UNCHANGED
2026-10-09,Rot-Weiss Essen,3,3,0,72.04,72.04,🟡 Reliable,🟡 Reliable,UNCHANGED
2026-10-09,1. FC Saarbrücken,4,4,0,68.47,68.47,🟡 Reliable,🟡 Reliable,UNCHANGED
2026-10-09,TSG Hoffenheim II,5,5,0,66.13,66.13,🟡 Reliable,🟡 Reliable,UNCHANGED
2026-10-09,Preußen Münster,6,6,0,61.22,61.22,🟠 Form-dependent,🟠 Form-dependent,UNCHANGED
2026-10-09,Hansa Rostock,7,7,0,60.23,60.23,🟠 Form-dependent,🟠 Form-dependent,UNCHANGED
2026-10-09,Alemannia Aachen,8,8,0,57.94,57.95,🟠 Form-dependent,🟠 Form-dependent,UNCHANGED
2026-10-09,Fortuna Düsseldorf,9,9,0,56.93,56.93,🟠 Form-dependent,🟠 Form-dependent,UNCHANGED
2026-10-09,Waldhof Mannheim,10,10,0,51.28,51.28,🟠 Form-dependent,🟠 Form-dependent,UNCHANGED
2026-10-09,SC Verl,11,11,0,51.16,51.16,🟠 Form-dependent,🟠 Form-dependent,UNCHANGED
2026-10-09,Fortuna Köln,12,12,0,46.87,46.87,⚪ Unranked,⚪ Unranked,UNCHANGED
2026-10-09,Sonnenhof Großaspach,13,13,0,36.79,36.82,⚪ Unranked,⚪ Unranked,UNCHANGED
2026-10-09,FC Ingolstadt,14,14,0,36.11,36.11,⚪ Unranked,⚪ Unranked,UNCHANGED
2026-10-09,Würzburger Kickers,15,15,0,35.99,35.99,⚪ Unranked,⚪ Unranked,UNCHANGED
2026-10-09,VfB Stuttgart II,16,16,0,31.31,31.31,⚪ Unranked,⚪ Unranked,UNCHANGED
2026-10-09,SV Meppen,17,17,0,24.47,24.47,⚪ Unranked,⚪ Unranked,UNCHANGED
2026-10-09,Jahn Regensburg,18,18,0,23.69,23.69,⚪ Unranked,⚪ Unranked,UNCHANGED
2026-10-09,TSV Havelse,19,19,0,19.14,19.14,⚪ Unranked,⚪ Unranked,UNCHANGED
2026-10-09,Wehen Wiesbaden,20,20,0,16.39,16.39,⚪ Unranked,⚪ Unranked,UNCHANGED
2026-10-09,Lausanne Ouchy,1,1,0,82.53,82.53,🟢 Elite,🟢 Elite,UNCHANGED
2026-10-09,Winterthur,2,2,0,75.2,75.2,🟡 Reliable,🟡 Reliable,UNCHANGED
2026-10-09,Yverdon-Sport,3,3,0,65.21,65.21,🟡 Reliable,🟡 Reliable,UNCHANGED
2026-10-09,Kriens,4,4,0,56.15,56.15,🟠 Form-dependent,🟠 Form-dependent,UNCHANGED
2026-10-09,Aarau,5,5,0,43.63,43.63,⚪ Unranked,⚪ Unranked,UNCHANGED
2026-10-09,Rapperswil-Jona,6,6,0,39.88,39.88,⚪ Unranked,⚪ Unranked,UNCHANGED
2026-10-09,Xamax,7,7,0,38.58,38.58,⚪ Unranked,⚪ Unranked,UNCHANGED
2026-10-09,Étoile Carouge,8,8,0,27.7,27.7,⚪ Unranked,⚪ Unranked,UNCHANGED
2026-10-09,Wil,9,9,0,24.71,24.71,⚪ Unranked,⚪ Unranked,UNCHANGED
2026-10-09,Nyon,10,10,0,9.66,9.66,⚪ Unranked,⚪ Unranked,UNCHANGED
2026-10-09,FC Blau-Weiß Linz,1,1,0,87.43,87.43,🟢 Elite,🟢 Elite,UNCHANGED
2026-10-09,FAC Wien,2,2,0,82.16,82.16,🟢 Elite,🟢 Elite,UNCHANGED
2026-10-09,First Vienna FC 1894,3,3,0,76.8,76.8,🟡 Reliable,🟡 Reliable,UNCHANGED
2026-10-09,Ertl Glas Amstetten,4,4,0,71.46,71.46,🟡 Reliable,🟡 Reliable,UNCHANGED
2026-10-09,FC Wacker Innsbruck,5,5,0,63.37,63.37,🟠 Form-dependent,🟠 Form-dependent,UNCHANGED
2026-10-09,Austria Wien II,6,6,0,62.02,62.02,🟠 Form-dependent,🟠 Form-dependent,UNCHANGED
2026-10-09,FC Liefering,7,7,0,56.07,56.07,🟠 Form-dependent,🟠 Form-dependent,UNCHANGED
2026-10-09,Schwarz-Weiß Bregenz,8,8,0,48.66,48.66,⚪ Unranked,⚪ Unranked,UNCHANGED
2026-10-09,Admira Wacker,9,9,0,47.42,47.42,⚪ Unranked,⚪ Unranked,UNCHANGED
2026-10-09,Austria Salzburg,10,10,0,47.15,47.15,⚪ Unranked,⚪ Unranked,UNCHANGED
2026-10-09,ASK Voitsberg,11,11,0,42.96,42.96,⚪ Unranked,⚪ Unranked,UNCHANGED
2026-10-09,SKN St. Pölten,12,12,0,41.37,41.37,⚪ Unranked,⚪ Unranked,UNCHANGED
2026-10-09,SK Sturm Graz II,13,13,0,25.81,25.81,⚪ Unranked,⚪ Unranked,UNCHANGED
2026-10-09,FC HOGO Hertha Wels,14,14,0,18.99,18.99,⚪ Unranked,⚪ Unranked,UNCHANGED
2026-10-09,SK Rapid II,15,15,0,15.91,15.91,⚪ Unranked,⚪ Unranked,UNCHANGED
2026-10-09,Kapfenberger SV,16,16,0,15.84,15.84,⚪ Unranked,⚪ Unranked,UNCHANGED
2026-10-09,Hvidovre,1,1,0,86.29,86.29,🟢 Elite,🟢 Elite,UNCHANGED
2026-10-09,Vejle,2,2,0,81.0,81.0,🟢 Elite,🟢 Elite,UNCHANGED
2026-10-09,Aarhus Fremad,3,3,0,60.54,60.54,🟠 Form-dependent,🟠 Form-dependent,UNCHANGED
2026-10-09,Fredericia,4,4,0,58.43,58.43,🟠 Form-dependent,🟠 Form-dependent,UNCHANGED
2026-10-09,AaB,5,5,0,50.86,50.86,🟠 Form-dependent,🟠 Form-dependent,UNCHANGED
2026-10-09,Hobro,6,6,0,49.05,49.05,⚪ Unranked,⚪ Unranked,UNCHANGED
2026-10-09,Vendsyssel,7,7,0,40.79,40.79,⚪ Unranked,⚪ Unranked,UNCHANGED
2026-10-09,AB,8,8,0,40.49,40.49,⚪ Unranked,⚪ Unranked,UNCHANGED
2026-10-09,Hillerød,9,9,0,32.51,32.51,⚪ Unranked,⚪ Unranked,UNCHANGED
2026-10-09,Kolding,10,10,0,26.57,26.57,⚪ Unranked,⚪ Unranked,UNCHANGED
2026-10-09,Esbjerg fB,11,11,0,20.38,20.38,⚪ Unranked,⚪ Unranked,UNCHANGED
2026-10-09,HB Køge,12,12,0,14.84,14.84,⚪ Unranked,⚪ Unranked,UNCHANGED
2026-10-09,IFK Norrköping,1,1,0,82.21,82.21,🟢 Elite,🟢 Elite,UNCHANGED
2026-10-09,Östersunds FK,2,2,0,68.32,68.32,🟡 Reliable,🟡 Reliable,UNCHANGED
2026-10-09,Falkenbergs FF,3,3,0,61.79,61.79,🟠 Form-dependent,🟠 Form-dependent,UNCHANGED
2026-10-09,Landskrona BoIS,4,4,0,61.76,61.76,🟠 Form-dependent,🟠 Form-dependent,UNCHANGED
2026-10-09,Varbergs BoIS,5,5,0,57.61,57.61,🟠 Form-dependent,🟠 Form-dependent,UNCHANGED
2026-10-09,Östers IF,6,6,0,55.66,55.66,🟠 Form-dependent,🟠 Form-dependent,UNCHANGED
2026-10-09,Sandvikens IF,7,7,0,54.78,54.78,🟠 Form-dependent,🟠 Form-dependent,UNCHANGED
2026-10-09,IK Oddevold,8,8,0,54.01,54.01,🟠 Form-dependent,🟠 Form-dependent,UNCHANGED
2026-10-09,Nordic United,9,9,0,46.41,46.41,⚪ Unranked,⚪ Unranked,UNCHANGED
2026-10-09,IFK Värnamo,10,10,0,39.06,39.06,⚪ Unranked,⚪ Unranked,UNCHANGED
2026-10-09,Helsingborgs IF,11,11,0,37.78,37.78,⚪ Unranked,⚪ Unranked,UNCHANGED
2026-10-09,Ljungskile SK,12,12,0,34.09,34.09,⚪ Unranked,⚪ Unranked,UNCHANGED
2026-10-09,Örebro SK,13,13,0,29.83,29.83,⚪ Unranked,⚪ Unranked,UNCHANGED
2026-10-09,Norrby IF,14,14,0,28.23,28.23,⚪ Unranked,⚪ Unranked,UNCHANGED
2026-10-09,IK Brage,15,15,0,26.0,26.0,⚪ Unranked,⚪ Unranked,UNCHANGED
2026-10-09,GIF Sundsvall,16,16,0,18.89,18.89,⚪ Unranked,⚪ Unranked,UNCHANGED
2026-10-09,Strømsgodset,1,1,0,82.78,82.78,🟢 Elite,🟢 Elite,UNCHANGED
2026-10-09,Haugesund,2,2,0,77.42,77.42,🟡 Reliable,🟡 Reliable,UNCHANGED
2026-10-09,Kongsvinger,3,3,0,76.81,76.81,🟡 Reliable,🟡 Reliable,UNCHANGED
2026-10-09,Stabæk,4,4,0,63.3,63.3,🟠 Form-dependent,🟠 Form-dependent,UNCHANGED
2026-10-09,Odd,5,5,0,59.55,59.55,🟠 Form-dependent,🟠 Form-dependent,UNCHANGED
2026-10-09,Hødd,6,6,0,52.34,52.34,🟠 Form-dependent,🟠 Form-dependent,UNCHANGED
2026-10-09,Bryne,7,7,0,52.29,52.29,🟠 Form-dependent,🟠 Form-dependent,UNCHANGED
2026-10-09,Lyn,8,8,0,49.03,49.03,⚪ Unranked,⚪ Unranked,UNCHANGED
2026-10-09,Egersund,9,9,0,47.73,47.73,⚪ Unranked,⚪ Unranked,UNCHANGED
2026-10-09,Moss,10,10,0,43.54,43.54,⚪ Unranked,⚪ Unranked,UNCHANGED
2026-10-09,Strømmen,11,11,0,42.16,42.16,⚪ Unranked,⚪ Unranked,UNCHANGED
2026-10-09,Ranheim,12,12,0,38.02,38.02,⚪ Unranked,⚪ Unranked,UNCHANGED
2026-10-09,Åsane,13,13,0,34.05,34.05,⚪ Unranked,⚪ Unranked,UNCHANGED
2026-10-09,Sogndal,14,14,0,33.9,33.9,⚪ Unranked,⚪ Unranked,UNCHANGED
2026-10-09,Sandnes Ulf,15,15,0,31.33,31.33,⚪ Unranked,⚪ Unranked,UNCHANGED
2026-10-09,Raufoss,16,16,0,19.16,19.16,⚪ Unranked,⚪ Unranked,UNCHANGED
2026-10-09,Pogoń Grodzisk Mazowiecki,1,1,0,71.68,71.68,🟡 Reliable,🟡 Reliable,UNCHANGED
2026-10-09,Bruk-Bet Termalica Nieciecza,2,2,0,64.91,64.91,🟠 Form-dependent,🟠 Form-dependent,UNCHANGED
2026-10-09,Miedź Legnica,3,3,0,64.4,64.4,🟠 Form-dependent,🟠 Form-dependent,UNCHANGED
2026-10-09,ŁKS Łódź,4,4,0,63.07,63.07,🟠 Form-dependent,🟠 Form-dependent,UNCHANGED
2026-10-09,Warta Poznań,5,5,0,62.46,62.46,🟠 Form-dependent,🟠 Form-dependent,UNCHANGED
2026-10-09,Polonia Warsaw,6,6,0,58.31,58.31,🟠 Form-dependent,🟠 Form-dependent,UNCHANGED
2026-10-09,Stal Rzeszów,7,7,0,52.79,52.79,🟠 Form-dependent,🟠 Form-dependent,UNCHANGED
2026-10-09,Lechia Gdańsk,8,8,0,51.78,51.79,🟠 Form-dependent,🟠 Form-dependent,UNCHANGED
2026-10-09,Ruch Chorzów,9,9,0,50.98,50.98,🟠 Form-dependent,🟠 Form-dependent,UNCHANGED
2026-10-09,Pogoń Siedlce,10,10,0,50.77,50.77,🟠 Form-dependent,🟠 Form-dependent,UNCHANGED
2026-10-09,Chrobry Głogów,11,11,0,49.54,49.54,⚪ Unranked,⚪ Unranked,UNCHANGED
2026-10-09,Unia Skierniewice,12,12,0,37.21,37.21,⚪ Unranked,⚪ Unranked,UNCHANGED
2026-10-09,Stal Mielec,13,13,0,36.09,36.09,⚪ Unranked,⚪ Unranked,UNCHANGED
2026-10-09,Arka Gdynia,14,14,0,35.78,35.78,⚪ Unranked,⚪ Unranked,UNCHANGED
2026-10-09,Odra Opole,15,15,0,33.23,33.23,⚪ Unranked,⚪ Unranked,UNCHANGED
2026-10-09,Polonia Bytom,16,16,0,33.15,33.15,⚪ Unranked,⚪ Unranked,UNCHANGED
2026-10-09,Podbeskidzie Bielsko-Biała,17,17,0,25.62,25.62,⚪ Unranked,⚪ Unranked,UNCHANGED
2026-10-09,Puszcza Niepołomice,18,18,0,25.07,25.07,⚪ Unranked,⚪ Unranked,UNCHANGED
2026-10-09,Víkingur Reykjavík,1,1,0,88.2,88.2,🟢 Elite,🟢 Elite,UNCHANGED
2026-10-09,KR,2,2,0,72.15,72.15,🟡 Reliable,🟡 Reliable,UNCHANGED
2026-10-09,Fram,3,3,0,71.18,71.18,🟡 Reliable,🟡 Reliable,UNCHANGED
2026-10-09,Breiðablik,4,4,0,58.4,58.4,🟠 Form-dependent,🟠 Form-dependent,UNCHANGED
2026-10-09,ÍA,5,5,0,53.58,53.58,🟠 Form-dependent,🟠 Form-dependent,UNCHANGED
2026-10-09,Keflavík,6,6,0,49.32,49.32,⚪ Unranked,⚪ Unranked,UNCHANGED
2026-10-09,Stjarnan,7,7,0,44.35,44.35,⚪ Unranked,⚪ Unranked,UNCHANGED
2026-10-09,Valur,8,8,0,43.81,43.81,⚪ Unranked,⚪ Unranked,UNCHANGED
2026-10-09,FH,9,9,0,39.98,39.98,⚪ Unranked,⚪ Unranked,UNCHANGED
2026-10-09,KA,10,10,0,32.63,32.63,⚪ Unranked,⚪ Unranked,UNCHANGED
2026-10-09,Þór Akureyri,11,11,0,26.33,26.33,⚪ Unranked,⚪ Unranked,UNCHANGED
2026-10-09,ÍBV,12,12,0,23.17,23.17,⚪ Unranked,⚪ Unranked,UNCHANGED
2026-10-09,FCI Levadia,1,1,0,88.74,88.74,🟢 Elite,🟢 Elite,UNCHANGED
2026-10-09,Flora,2,2,0,75.88,75.88,🟡 Reliable,🟡 Reliable,UNCHANGED
2026-10-09,Paide Linnameeskond,3,3,0,64.93,64.93,🟠 Form-dependent,🟠 Form-dependent,UNCHANGED
2026-10-09,Nõmme Kalju,4,4,0,57.05,57.05,🟠 Form-dependent,🟠 Form-dependent,UNCHANGED
2026-10-09,Vaprus,5,5,0,47.69,47.69,⚪ Unranked,⚪ Unranked,UNCHANGED
2026-10-09,Tammeka,6,6,0,47.4,47.4,⚪ Unranked,⚪ Unranked,UNCHANGED
2026-10-09,Harju,7,7,0,43.3,43.3,⚪ Unranked,⚪ Unranked,UNCHANGED
2026-10-09,Nõmme United,8,8,0,31.83,31.83,⚪ Unranked,⚪ Unranked,UNCHANGED
2026-10-09,Kuressaare,9,9,0,25.25,25.25,⚪ Unranked,⚪ Unranked,UNCHANGED
2026-10-09,Narva Trans,10,10,0,12.45,12.45,⚪ Unranked,⚪ Unranked,UNCHANGED
2026-10-09,Riga,1,1,0,87.66,87.66,🟢 Elite,🟢 Elite,UNCHANGED
2026-10-09,RFS,2,2,0,85.82,85.82,🟢 Elite,🟢 Elite,UNCHANGED
2026-10-09,Auda,3,3,0,63.74,63.74,🟠 Form-dependent,🟠 Form-dependent,UNCHANGED
2026-10-09,Liepāja,4,4,0,47.65,47.65,⚪ Unranked,⚪ Unranked,UNCHANGED
2026-10-09,Super Nova,5,5,0,42.79,42.79,⚪ Unranked,⚪ Unranked,UNCHANGED
2026-10-09,Daugavpils,6,6,0,41.7,41.7,⚪ Unranked,⚪ Unranked,UNCHANGED
2026-10-09,Jelgava,7,7,0,40.28,40.28,⚪ Unranked,⚪ Unranked,UNCHANGED
2026-10-09,Tukums 2000,8,8,0,30.04,30.04,⚪ Unranked,⚪ Unranked,UNCHANGED
2026-10-09,Grobiņa,9,9,0,23.16,23.16,⚪ Unranked,⚪ Unranked,UNCHANGED
2026-10-09,Ogre United,10,10,0,17.77,17.77,⚪ Unranked,⚪ Unranked,UNCHANGED
2026-10-09,Sabah,1,1,0,96.01,96.01,🟢 Elite,🟢 Elite,UNCHANGED
2026-10-09,Neftçi,2,2,0,87.23,87.23,🟢 Elite,🟢 Elite,UNCHANGED
2026-10-09,Qarabağ,3,3,0,83.09,83.09,🟢 Elite,🟢 Elite,UNCHANGED
2026-10-09,Turan Tovuz,4,4,0,64.66,64.66,🟠 Form-dependent,🟠 Form-dependent,UNCHANGED
2026-10-09,Zira,5,5,0,59.27,59.27,🟠 Form-dependent,🟠 Form-dependent,UNCHANGED
2026-10-09,Shamakhi,6,6,0,56.07,56.07,🟠 Form-dependent,🟠 Form-dependent,UNCHANGED
2026-10-09,Kapaz,7,7,0,44.93,44.93,⚪ Unranked,⚪ Unranked,UNCHANGED
2026-10-09,Imishli,8,8,0,27.6,27.6,⚪ Unranked,⚪ Unranked,UNCHANGED
2026-10-09,Qabala,9,9,0,21.96,21.96,⚪ Unranked,⚪ Unranked,UNCHANGED
2026-10-09,Sumgayit,10,10,0,16.94,16.94,⚪ Unranked,⚪ Unranked,UNCHANGED
2026-10-09,Shafa,11,11,0,15.03,15.03,⚪ Unranked,⚪ Unranked,UNCHANGED
2026-10-09,Araz-Naxçıvan,12,12,0,11.11,11.11,⚪ Unranked,⚪ Unranked,UNCHANGED
2026-10-09,Nizhny Novgorod,1,1,0,83.58,83.58,🟡 Reliable,🟡 Reliable,UNCHANGED
2026-10-09,Ural Yekaterinburg,2,2,0,79.38,79.38,🟡 Reliable,🟡 Reliable,UNCHANGED
2026-10-09,Sochi,3,3,0,69.59,69.59,🟡 Reliable,🟡 Reliable,UNCHANGED
2026-10-09,Torpedo Moscow,4,4,0,67.21,67.21,🟡 Reliable,🟡 Reliable,UNCHANGED
2026-10-09,Spartak Kostroma,5,5,0,62.65,62.65,🟠 Form-dependent,🟠 Form-dependent,UNCHANGED
2026-10-09,Veles Moscow,6,6,0,58.05,57.98,🟠 Form-dependent,🟠 Form-dependent,UNCHANGED
2026-10-09,Rotor Volgograd,7,7,0,52.46,52.46,🟠 Form-dependent,🟠 Form-dependent,UNCHANGED
2026-10-09,Ufa,8,8,0,52.05,52.05,🟠 Form-dependent,🟠 Form-dependent,UNCHANGED
2026-10-09,Shinnik Yaroslavl,9,9,0,49.22,49.22,⚪ Unranked,⚪ Unranked,UNCHANGED
2026-10-09,Yenisey Krasnoyarsk,10,10,0,41.23,41.21,⚪ Unranked,⚪ Unranked,UNCHANGED
2026-10-09,Volga Ulyanovsk,11,11,0,36.48,36.58,⚪ Unranked,⚪ Unranked,UNCHANGED
2026-10-09,Neftekhimik Nizhnekamsk,12,12,0,32.76,32.74,⚪ Unranked,⚪ Unranked,UNCHANGED
2026-10-09,Chelyabinsk,13,13,0,30.9,30.88,⚪ Unranked,⚪ Unranked,UNCHANGED
2026-10-09,Leningradets Leningrad Oblast,14,14,0,30.67,30.65,⚪ Unranked,⚪ Unranked,UNCHANGED
2026-10-09,Arsenal Tula,15,15,0,28.77,28.75,⚪ Unranked,⚪ Unranked,UNCHANGED
2026-10-09,KAMAZ Naberezhnye Chelny,16,16,0,26.56,26.56,⚪ Unranked,⚪ Unranked,UNCHANGED
2026-10-09,SKA-Khabarovsk,17,17,0,20.36,20.36,⚪ Unranked,⚪ Unranked,UNCHANGED
2026-10-09,Tekstilshchik Ivanovo,18,18,0,17.18,17.18,⚪ Unranked,⚪ Unranked,UNCHANGED
2026-10-09,Cork City,1,1,0,81.78,81.78,🟢 Elite,🟢 Elite,UNCHANGED
2026-10-09,UCD,2,2,0,71.82,71.82,🟡 Reliable,🟡 Reliable,UNCHANGED
2026-10-09,Bray Wanderers,3,3,0,62.05,62.05,🟠 Form-dependent,🟠 Form-dependent,UNCHANGED
2026-10-09,Cobh Ramblers,4,4,0,58.42,58.42,🟠 Form-dependent,🟠 Form-dependent,UNCHANGED
2026-10-09,Longford Town,5,5,0,56.79,56.79,🟠 Form-dependent,🟠 Form-dependent,UNCHANGED
2026-10-09,Kerry,6,6,0,43.38,43.38,⚪ Unranked,⚪ Unranked,UNCHANGED
2026-10-09,Wexford,7,7,0,39.87,39.87,⚪ Unranked,⚪ Unranked,UNCHANGED
2026-10-09,Athlone Town,8,8,0,39.22,39.22,⚪ Unranked,⚪ Unranked,UNCHANGED
2026-10-09,Treaty United,9,9,0,30.57,30.57,⚪ Unranked,⚪ Unranked,UNCHANGED
2026-10-09,Finn Harps,10,10,0,20.2,20.2,⚪ Unranked,⚪ Unranked,UNCHANGED
2026-10-09,Vegalta Sendai,1,1,0,80.09,80.09,🟢 Elite,🟢 Elite,UNCHANGED
2026-10-09,Yokohama FC,2,2,0,74.45,74.47,🟡 Reliable,🟡 Reliable,UNCHANGED
2026-10-09,Albirex Niigata,3,3,0,71.64,71.65,🟡 Reliable,🟡 Reliable,UNCHANGED
2026-10-09,Omiya Ardija,4,4,0,68.72,68.67,🟡 Reliable,🟡 Reliable,UNCHANGED
2026-10-09,Tokushima Vortis,5,5,0,62.57,62.54,🟠 Form-dependent,🟠 Form-dependent,UNCHANGED
2026-10-09,Kataller Toyama,6,6,0,62.31,62.34,🟠 Form-dependent,🟠 Form-dependent,UNCHANGED
2026-10-09,Shonan Bellmare,7,7,0,60.99,60.97,🟠 Form-dependent,🟠 Form-dependent,UNCHANGED
2026-10-09,Fujieda MYFC,8,8,0,56.31,56.31,🟠 Form-dependent,🟠 Form-dependent,UNCHANGED
2026-10-09,Blaublitz Akita,9,9,0,54.1,54.15,🟠 Form-dependent,🟠 Form-dependent,UNCHANGED
2026-10-09,Tegevajaro Miyazaki,10,10,0,48.95,48.95,⚪ Unranked,⚪ Unranked,UNCHANGED
2026-10-09,Montedio Yamagata,11,11,0,47.25,47.19,⚪ Unranked,⚪ Unranked,UNCHANGED
2026-10-09,Oita Trinita,12,12,0,42.86,42.95,⚪ Unranked,⚪ Unranked,UNCHANGED
2026-10-09,Júbilo Iwata,13,13,0,38.35,38.3,⚪ Unranked,⚪ Unranked,UNCHANGED
2026-10-09,Sagan Tosu,14,14,0,35.22,35.21,⚪ Unranked,⚪ Unranked,UNCHANGED
2026-10-09,Tochigi City,15,15,0,34.53,34.46,⚪ Unranked,⚪ Unranked,UNCHANGED
2026-10-09,Iwaki FC,16,16,0,33.91,33.9,⚪ Unranked,⚪ Unranked,UNCHANGED
2026-10-09,Hokkaido Consadole Sapporo,17,17,0,31.02,31.08,⚪ Unranked,⚪ Unranked,UNCHANGED
2026-10-09,Vanraure Hachinohe,18,18,0,30.29,30.23,⚪ Unranked,⚪ Unranked,UNCHANGED
2026-10-09,FC Imabari,19,19,0,22.55,22.58,⚪ Unranked,⚪ Unranked,UNCHANGED
2026-10-09,Ventforet Kofu,20,20,0,21.05,21.03,⚪ Unranked,⚪ Unranked,UNCHANGED
2026-10-09,Suwon Samsung Bluewings,1,1,0,78.63,78.63,🟡 Reliable,🟡 Reliable,UNCHANGED
2026-10-09,Suwon FC,2,2,0,71.28,74.89,🟡 Reliable,🟡 Reliable,UNCHANGED
2026-10-09,Seoul E-Land,4,3,-1,60.89,61.32,🟠 Form-dependent,🟠 Form-dependent,CHANGED
2026-10-09,Hwaseong FC,3,4,1,61.27,58.94,🟠 Form-dependent,🟠 Form-dependent,CHANGED
2026-10-09,Daegu FC,5,5,0,56.41,56.41,🟠 Form-dependent,🟠 Form-dependent,UNCHANGED
2026-10-09,Gimpo FC,6,6,0,53.79,53.22,🟠 Form-dependent,🟠 Form-dependent,UNCHANGED
2026-10-09,Busan IPark,7,7,0,48.74,48.74,⚪ Unranked,⚪ Unranked,UNCHANGED
2026-10-09,Gyeongnam FC,8,8,0,46.49,46.49,⚪ Unranked,⚪ Unranked,UNCHANGED
2026-10-09,Chungbuk Cheongju,10,9,-1,40.01,43.69,⚪ Unranked,⚪ Unranked,CHANGED
2026-10-09,Seongnam FC,9,10,1,41.53,39.56,⚪ Unranked,⚪ Unranked,CHANGED
2026-10-09,Chungnam Asan,11,11,0,38.87,38.87,⚪ Unranked,⚪ Unranked,UNCHANGED
2026-10-09,Paju Frontier,12,12,0,38.81,37.4,⚪ Unranked,⚪ Unranked,UNCHANGED
2026-10-09,Yongin FC,13,13,0,31.0,31.0,⚪ Unranked,⚪ Unranked,UNCHANGED
2026-10-09,Ansan Greeners,14,14,0,29.83,29.83,⚪ Unranked,⚪ Unranked,UNCHANGED
2026-10-09,Cheonan City,15,15,0,25.18,25.18,⚪ Unranked,⚪ Unranked,UNCHANGED
2026-10-09,Jeonnam Dragons,16,16,0,20.9,20.9,⚪ Unranked,⚪ Unranked,UNCHANGED
2026-10-09,Gimhae FC 2008,17,17,0,12.67,12.67,⚪ Unranked,⚪ Unranked,UNCHANGED
2026-10-09,Deportes Antofagasta,1,1,0,70.9,70.9,🟡 Reliable,🟡 Reliable,UNCHANGED
2026-10-09,San Luis,2,2,0,69.01,69.01,🟡 Reliable,🟡 Reliable,UNCHANGED
2026-10-09,Santiago Wanderers,3,3,0,66.5,66.5,🟡 Reliable,🟡 Reliable,UNCHANGED
2026-10-09,Cobreloa,4,4,0,62.37,62.37,🟠 Form-dependent,🟠 Form-dependent,UNCHANGED
2026-10-09,Magallanes,5,5,0,57.9,57.9,🟠 Form-dependent,🟠 Form-dependent,UNCHANGED
2026-10-09,Deportes Recoleta,6,6,0,55.71,55.71,🟠 Form-dependent,🟠 Form-dependent,UNCHANGED
2026-10-09,Deportes Copiapó,7,7,0,52.17,52.17,🟠 Form-dependent,🟠 Form-dependent,UNCHANGED
2026-10-09,San Marcos de Arica,8,8,0,49.58,49.58,⚪ Unranked,⚪ Unranked,UNCHANGED
2026-10-09,Unión Española,9,9,0,47.93,47.93,⚪ Unranked,⚪ Unranked,UNCHANGED
2026-10-09,Deportes Temuco,10,10,0,41.08,41.08,⚪ Unranked,⚪ Unranked,UNCHANGED
2026-10-09,Deportes Puerto Montt,11,11,0,38.86,38.86,⚪ Unranked,⚪ Unranked,UNCHANGED
2026-10-09,Deportes Iquique,12,12,0,35.28,35.28,⚪ Unranked,⚪ Unranked,UNCHANGED
2026-10-09,Rangers,13,13,0,28.58,28.58,⚪ Unranked,⚪ Unranked,UNCHANGED
2026-10-09,Curicó Unido,14,14,0,26.29,26.29,⚪ Unranked,⚪ Unranked,UNCHANGED
2026-10-09,Deportes Santa Cruz,15,15,0,22.95,22.95,⚪ Unranked,⚪ Unranked,UNCHANGED
2026-10-09,Unión San Felipe,16,16,0,19.9,19.9,⚪ Unranked,⚪ Unranked,UNCHANGED
2026-10-09,Kauno Žalgiris,1,1,0,74.72,74.72,🟡 Reliable,🟡 Reliable,UNCHANGED
2026-10-09,Sūduva,2,2,0,61.8,61.8,🟠 Form-dependent,🟠 Form-dependent,UNCHANGED
2026-10-09,Transinvest,3,3,0,61.25,61.25,🟠 Form-dependent,🟠 Form-dependent,UNCHANGED
2026-10-09,Žalgiris,4,4,0,59.38,59.38,🟠 Form-dependent,🟠 Form-dependent,UNCHANGED
2026-10-09,Džiugas,5,5,0,53.89,53.89,🟠 Form-dependent,🟠 Form-dependent,UNCHANGED
2026-10-09,Banga,6,6,0,43.75,43.75,⚪ Unranked,⚪ Unranked,UNCHANGED
2026-10-09,Panevėžys,7,7,0,39.59,39.59,⚪ Unranked,⚪ Unranked,UNCHANGED
2026-10-09,Hegelmann,8,8,0,38.62,38.62,⚪ Unranked,⚪ Unranked,UNCHANGED
2026-10-09,Šiauliai,9,9,0,19.6,19.6,⚪ Unranked,⚪ Unranked,UNCHANGED
2026-10-09,Riteriai,10,10,0,0.0,0.0,⚪ Unranked,⚪ Unranked,UNCHANGED
2026-10-09,Struga,1,1,0,80.07,80.07,🟢 Elite,🟢 Elite,UNCHANGED
2026-10-09,Shkëndija,2,2,0,77.2,77.2,🟡 Reliable,🟡 Reliable,UNCHANGED
2026-10-09,Vardar,3,3,0,70.0,70.0,🟡 Reliable,🟡 Reliable,UNCHANGED
2026-10-09,Tikvesh,4,4,0,56.36,56.36,🟠 Form-dependent,🟠 Form-dependent,UNCHANGED
2026-10-09,Shkëndija 77,5,5,0,51.33,51.33,🟠 Form-dependent,🟠 Form-dependent,UNCHANGED
2026-10-09,Bregalnica,6,6,0,40.28,40.28,⚪ Unranked,⚪ Unranked,UNCHANGED
2026-10-09,Sileks,7,7,0,36.68,36.68,⚪ Unranked,⚪ Unranked,UNCHANGED
2026-10-09,Arsimi,8,8,0,28.31,28.31,⚪ Unranked,⚪ Unranked,UNCHANGED
2026-10-09,Bashkimi,9,9,0,20.42,20.42,⚪ Unranked,⚪ Unranked,UNCHANGED
2026-10-09,Skopje,10,10,0,14.43,14.43,⚪ Unranked,⚪ Unranked,UNCHANGED
2026-10-09,Ohrid,1,1,0,84.8,84.8,🟢 Elite,🟢 Elite,UNCHANGED
2026-10-09,Brera,2,2,0,83.02,83.02,🟢 Elite,🟢 Elite,UNCHANGED
2026-10-09,Pelister,3,3,0,80.59,80.59,🟢 Elite,🟢 Elite,UNCHANGED
2026-10-09,Rabotnički,4,4,0,72.8,72.8,🟡 Reliable,🟡 Reliable,UNCHANGED
2026-10-09,Belasica,5,5,0,61.83,61.83,🟠 Form-dependent,🟠 Form-dependent,UNCHANGED
2026-10-09,Kamjani,6,6,0,55.2,55.2,🟠 Form-dependent,🟠 Form-dependent,UNCHANGED
2026-10-09,Makedonija G.P.,7,7,0,45.37,45.37,⚪ Unranked,⚪ Unranked,UNCHANGED
2026-10-09,Detonit Plachkovica,8,8,0,44.53,44.53,⚪ Unranked,⚪ Unranked,UNCHANGED
2026-10-09,Novaci,9,9,0,39.76,39.76,⚪ Unranked,⚪ Unranked,UNCHANGED
2026-10-09,Kozhuf,10,10,0,39.63,39.63,⚪ Unranked,⚪ Unranked,UNCHANGED
2026-10-09,Teteks,11,11,0,33.25,33.25,⚪ Unranked,⚪ Unranked,UNCHANGED
2026-10-09,Euromilk,12,12,0,32.78,32.78,⚪ Unranked,⚪ Unranked,UNCHANGED
2026-10-09,Osogovo,13,13,0,16.72,16.72,⚪ Unranked,⚪ Unranked,UNCHANGED
2026-10-09,Shkupi,14,14,0,3.03,3.03,⚪ Unranked,⚪ Unranked,UNCHANGED
2026-10-09,Prishtina,1,1,0,98.06,98.06,🟢 Elite,🟢 Elite,UNCHANGED
2026-10-09,Malisheva,2,2,0,83.1,83.1,🟢 Elite,🟢 Elite,UNCHANGED
2026-10-09,Dukagjini,3,3,0,66.27,66.27,🟡 Reliable,🟡 Reliable,UNCHANGED
2026-10-09,Drita,4,4,0,64.8,64.8,🟠 Form-dependent,🟠 Form-dependent,UNCHANGED
2026-10-09,Gjilani,5,5,0,53.07,53.07,🟠 Form-dependent,🟠 Form-dependent,UNCHANGED
2026-10-09,Ballkani,6,6,0,47.12,47.12,⚪ Unranked,⚪ Unranked,UNCHANGED
2026-10-09,Drenica,7,7,0,46.47,46.47,⚪ Unranked,⚪ Unranked,UNCHANGED
2026-10-09,Feronikeli,8,8,0,32.1,32.1,⚪ Unranked,⚪ Unranked,UNCHANGED
2026-10-09,Llapi,9,9,0,18.18,18.18,⚪ Unranked,⚪ Unranked,UNCHANGED
2026-10-09,Vushtrria,10,10,0,4.61,4.61,⚪ Unranked,⚪ Unranked,UNCHANGED
2026-10-09,UNA Strassen,1,1,0,97.53,97.53,🟢 Elite,🟢 Elite,UNCHANGED
2026-10-09,Differdange 03,2,2,0,85.5,85.5,🟢 Elite,🟢 Elite,UNCHANGED
2026-10-09,Racing Union,3,3,0,76.79,76.79,🟡 Reliable,🟡 Reliable,UNCHANGED
2026-10-09,Mondorf-les-Bains,4,4,0,72.67,72.67,🟡 Reliable,🟡 Reliable,UNCHANGED
2026-10-09,Käerjeng 97,5,5,0,69.17,69.17,🟡 Reliable,🟡 Reliable,UNCHANGED
2026-10-09,Atert Bissen,6,6,0,67.55,67.55,🟡 Reliable,🟡 Reliable,UNCHANGED
2026-10-09,Progrès Niederkorn,7,7,0,66.6,66.6,🟡 Reliable,🟡 Reliable,UNCHANGED
2026-10-09,Résidence Walferdange,8,8,0,60.87,60.87,🟠 Form-dependent,🟠 Form-dependent,UNCHANGED
2026-10-09,Hostert,9,9,0,46.61,46.61,⚪ Unranked,⚪ Unranked,UNCHANGED
2026-10-09,F91 Dudelange,10,10,0,36.6,36.6,⚪ Unranked,⚪ Unranked,UNCHANGED
2026-10-09,Jeunesse Esch,11,11,0,36.12,36.12,⚪ Unranked,⚪ Unranked,UNCHANGED
2026-10-09,US Rumelange,12,12,0,28.87,28.87,⚪ Unranked,⚪ Unranked,UNCHANGED
2026-10-09,Etzella Ettelbruck,13,13,0,27.1,27.1,⚪ Unranked,⚪ Unranked,UNCHANGED
2026-10-09,Victoria Rosport,14,14,0,21.39,21.39,⚪ Unranked,⚪ Unranked,UNCHANGED
2026-10-09,Swift Hesperange,15,15,0,14.87,14.87,⚪ Unranked,⚪ Unranked,UNCHANGED
2026-10-09,Wiltz 71,16,16,0,12.91,12.91,⚪ Unranked,⚪ Unranked,UNCHANGED
2026-10-09,Rodange 91,1,1,0,76.6,76.42,🟡 Reliable,🟡 Reliable,UNCHANGED
2026-10-09,Fola Esch,2,2,0,74.0,74.18,🟡 Reliable,🟡 Reliable,UNCHANGED
2026-10-09,Lorentzweiler,3,3,0,68.73,69.09,🟡 Reliable,🟡 Reliable,UNCHANGED
2026-10-09,Berbourg,4,4,0,66.86,67.16,🟡 Reliable,🟡 Reliable,UNCHANGED
2026-10-09,Mamer 32,5,5,0,64.14,64.32,🟠 Form-dependent,🟠 Form-dependent,UNCHANGED
2026-10-09,US Feulen,6,6,0,52.5,52.23,🟠 Form-dependent,🟠 Form-dependent,UNCHANGED
2026-10-09,Union Titus Pétange,7,7,0,51.74,52.06,🟠 Form-dependent,🟠 Form-dependent,UNCHANGED
2026-10-09,The Belval Belvaux,8,8,0,51.27,50.83,🟠 Form-dependent,🟠 Form-dependent,UNCHANGED
2026-10-09,Luxembourg City,9,9,0,48.82,48.63,⚪ Unranked,⚪ Unranked,UNCHANGED
2026-10-09,Mondercange,10,10,0,39.55,39.95,⚪ Unranked,⚪ Unranked,UNCHANGED
2026-10-09,Jeunesse Canach,11,11,0,36.69,36.34,⚪ Unranked,⚪ Unranked,UNCHANGED
2026-10-09,Avenir Beggen,12,12,0,32.31,32.72,⚪ Unranked,⚪ Unranked,UNCHANGED
2026-10-09,Bettembourg,13,13,0,26.21,26.04,⚪ Unranked,⚪ Unranked,UNCHANGED
2026-10-09,Koeppchen,14,14,0,24.25,24.57,⚪ Unranked,⚪ Unranked,UNCHANGED
2026-10-09,URB,15,15,0,23.81,23.67,⚪ Unranked,⚪ Unranked,UNCHANGED
2026-10-09,Mersch,16,16,0,8.22,8.2,⚪ Unranked,⚪ Unranked,UNCHANGED
2026-10-09,Zrinjski Mostar,1,1,0,92.5,92.5,🟢 Elite,🟢 Elite,UNCHANGED
2026-10-09,Borac Banja Luka,2,2,0,77.22,77.22,🟡 Reliable,🟡 Reliable,UNCHANGED
2026-10-09,Željezničar,3,3,0,64.49,64.49,🟠 Form-dependent,🟠 Form-dependent,UNCHANGED
2026-10-09,Sarajevo,4,4,0,56.71,56.71,🟠 Form-dependent,🟠 Form-dependent,UNCHANGED
2026-10-09,Široki Brijeg,5,5,0,43.91,43.91,⚪ Unranked,⚪ Unranked,UNCHANGED
2026-10-09,Čelik Zenica,6,6,0,37.55,37.55,⚪ Unranked,⚪ Unranked,UNCHANGED
2026-10-09,Sloga Doboj,7,7,0,34.35,34.35,⚪ Unranked,⚪ Unranked,UNCHANGED
2026-10-09,Velež Mostar,8,8,0,33.09,33.09,⚪ Unranked,⚪ Unranked,UNCHANGED
2026-10-09,BSK Banja Luka,9,9,0,31.95,31.95,⚪ Unranked,⚪ Unranked,UNCHANGED
2026-10-09,Radnik Bijeljina,10,10,0,15.89,15.89,⚪ Unranked,⚪ Unranked,UNCHANGED
2026-10-09,Vulturii Cutezători,1,1,0,80.99,80.99,🟡 Reliable,🟡 Reliable,UNCHANGED
2026-10-09,Iskra Rîbnița,2,2,0,78.84,78.84,🟡 Reliable,🟡 Reliable,UNCHANGED
2026-10-09,FCM Ungheni,3,3,0,63.61,63.61,🟠 Form-dependent,🟠 Form-dependent,UNCHANGED
2026-10-09,Univer Comrat,4,4,0,43.06,43.06,⚪ Unranked,⚪ Unranked,UNCHANGED
2026-10-09,Zimbru-2 Chișinău,5,5,0,30.58,30.58,⚪ Unranked,⚪ Unranked,UNCHANGED
2026-10-09,Spartanii Sportul,6,6,0,7.01,7.01,⚪ Unranked,⚪ Unranked,UNCHANGED
2026-10-09,Bnei Yehuda,1,1,0,89.72,89.72,🟢 Elite,🟢 Elite,UNCHANGED
2026-10-09,F.C. Ashdod,2,2,0,87.29,87.29,🟢 Elite,🟢 Elite,UNCHANGED
2026-10-09,Hapoel Rishon LeZion,3,3,0,78.91,78.91,🟡 Reliable,🟡 Reliable,UNCHANGED
2026-10-09,F.C. Kiryat Yam,4,4,0,73.36,73.37,🟡 Reliable,🟡 Reliable,UNCHANGED
2026-10-09,Hapoel Kfar Shalem,5,5,0,66.42,66.43,🟡 Reliable,🟡 Reliable,UNCHANGED
2026-10-09,Hapoel Afula,6,6,0,66.01,66.01,🟡 Reliable,🟡 Reliable,UNCHANGED
2026-10-09,Hapoel Ra'anana,7,7,0,65.31,65.31,🟡 Reliable,🟡 Reliable,UNCHANGED
2026-10-09,F.C. Kafr Qasim,8,8,0,59.19,59.2,🟠 Form-dependent,🟠 Form-dependent,UNCHANGED
2026-10-09,Maccabi Bnei Reineh,9,9,0,52.82,52.82,🟠 Form-dependent,🟠 Form-dependent,UNCHANGED
2026-10-09,Maccabi Herzliya,10,10,0,37.63,37.62,⚪ Unranked,⚪ Unranked,UNCHANGED
2026-10-09,Maccabi Kiryat Gat,11,11,0,37.13,37.12,⚪ Unranked,⚪ Unranked,UNCHANGED
2026-10-09,Ironi Modi'in,12,12,0,33.79,33.8,⚪ Unranked,⚪ Unranked,UNCHANGED
2026-10-09,Maccabi Akhi Nazareth,13,13,0,32.42,32.42,⚪ Unranked,⚪ Unranked,UNCHANGED
2026-10-09,Hapoel Kfar Saba,14,14,0,26.28,26.28,⚪ Unranked,⚪ Unranked,UNCHANGED
2026-10-09,Maccabi Jaffa,15,15,0,22.83,22.84,⚪ Unranked,⚪ Unranked,UNCHANGED
2026-10-09,Hapoel Acre,16,16,0,3.16,3.16,⚪ Unranked,⚪ Unranked,UNCHANGED
2026-10-09,Viktoriya Sumy,1,1,0,71.46,70.67,🟡 Reliable,🟡 Reliable,UNCHANGED
2026-10-09,Poltava,2,2,0,68.14,68.14,🟡 Reliable,🟡 Reliable,UNCHANGED
2026-10-09,Oleksandriya,3,3,0,67.09,67.11,🟡 Reliable,🟡 Reliable,UNCHANGED
2026-10-09,Prykarpattia-Blaho,4,4,0,59.65,59.64,🟠 Form-dependent,🟠 Form-dependent,UNCHANGED
2026-10-09,Kulykiv-Bilka,5,5,0,59.01,58.96,🟠 Form-dependent,🟠 Form-dependent,UNCHANGED
2026-10-09,Ahrobiznes Volochysk,6,6,0,58.34,58.36,🟠 Form-dependent,🟠 Form-dependent,UNCHANGED
2026-10-09,Feniks-Mariupol,8,7,-1,54.84,54.77,🟠 Form-dependent,🟠 Form-dependent,CHANGED
2026-10-09,Metalist Kharkiv,7,8,1,55.26,52.11,🟠 Form-dependent,🟠 Form-dependent,CHANGED
2026-10-09,Lokomotyv Kyiv,9,9,0,46.94,46.94,⚪ Unranked,⚪ Unranked,UNCHANGED
2026-10-09,Inhulets Petrove,10,10,0,45.55,45.53,⚪ Unranked,⚪ Unranked,UNCHANGED
2026-10-09,Kolos-2 Kovalivka,11,11,0,38.57,38.56,⚪ Unranked,⚪ Unranked,UNCHANGED
2026-10-09,Nyva Ternopil,12,12,0,37.67,37.67,⚪ Unranked,⚪ Unranked,UNCHANGED
2026-10-09,UCSA Tarasivka,13,13,0,32.32,32.32,⚪ Unranked,⚪ Unranked,UNCHANGED
2026-10-09,Polissya-2 Zhytomyr,14,14,0,25.32,25.32,⚪ Unranked,⚪ Unranked,UNCHANGED
2026-10-09,Chernihiv,15,15,0,21.27,21.27,⚪ Unranked,⚪ Unranked,UNCHANGED
2026-10-09,Probiy Horodenka,16,16,0,11.57,11.58,⚪ Unranked,⚪ Unranked,UNCHANGED
2026-10-09,Karviná,1,1,0,81.09,81.09,🟢 Elite,🟢 Elite,UNCHANGED
2026-10-09,Ústí nad Labem,2,2,0,78.25,78.25,🟡 Reliable,🟡 Reliable,UNCHANGED
2026-10-09,Dukla Prague,3,3,0,73.42,73.42,🟡 Reliable,🟡 Reliable,UNCHANGED
2026-10-09,Vysočina Jihlava,4,4,0,69.24,69.24,🟡 Reliable,🟡 Reliable,UNCHANGED
2026-10-09,Příbram,5,5,0,62.37,62.37,🟠 Form-dependent,🟠 Form-dependent,UNCHANGED
2026-10-09,Slavia Prague B,6,6,0,59.19,59.19,🟠 Form-dependent,🟠 Form-dependent,UNCHANGED
2026-10-09,Táborsko,7,7,0,55.35,55.35,🟠 Form-dependent,🟠 Form-dependent,UNCHANGED
2026-10-09,Vlašim,8,8,0,51.82,51.82,🟠 Form-dependent,🟠 Form-dependent,UNCHANGED
2026-10-09,Baník Ostrava B,9,9,0,47.64,47.64,⚪ Unranked,⚪ Unranked,UNCHANGED
2026-10-09,Kladno,10,10,0,42.11,42.11,⚪ Unranked,⚪ Unranked,UNCHANGED
2026-10-09,Opava,11,11,0,38.93,38.93,⚪ Unranked,⚪ Unranked,UNCHANGED
2026-10-09,Viktoria Žižkov,12,12,0,34.14,34.14,⚪ Unranked,⚪ Unranked,UNCHANGED
2026-10-09,Arsenal Česká Lípa,13,13,0,30.59,30.59,⚪ Unranked,⚪ Unranked,UNCHANGED
2026-10-09,Prostějov,14,14,0,28.05,28.05,⚪ Unranked,⚪ Unranked,UNCHANGED
2026-10-09,Třinec,15,15,0,21.9,21.9,⚪ Unranked,⚪ Unranked,UNCHANGED
2026-10-09,Hanácká Slavia Kroměříž,16,16,0,16.5,16.5,⚪ Unranked,⚪ Unranked,UNCHANGED
2026-10-09,Slatina,1,1,0,90.53,90.53,🟢 Elite,🟢 Elite,UNCHANGED
2026-10-09,Reșița,2,2,0,86.09,86.09,🟢 Elite,🟢 Elite,UNCHANGED
2026-10-09,Politehnica Timișoara,3,3,0,79.61,79.61,🟡 Reliable,🟡 Reliable,UNCHANGED
2026-10-09,Chindia Târgoviște,4,4,0,74.3,74.3,🟡 Reliable,🟡 Reliable,UNCHANGED
2026-10-09,Bacău,5,5,0,71.54,71.54,🟡 Reliable,🟡 Reliable,UNCHANGED
2026-10-09,Concordia Chiajna,6,6,0,69.73,69.73,🟡 Reliable,🟡 Reliable,UNCHANGED
2026-10-09,Metalul Buzău,7,7,0,64.95,64.95,🟠 Form-dependent,🟠 Form-dependent,UNCHANGED
2026-10-09,Afumați,8,8,0,63.04,63.04,🟠 Form-dependent,🟠 Form-dependent,UNCHANGED
2026-10-09,Popești-Leordeni,9,9,0,60.11,60.11,🟠 Form-dependent,🟠 Form-dependent,UNCHANGED
2026-10-09,Cetatea Suceava,10,10,0,58.08,58.08,🟠 Form-dependent,🟠 Form-dependent,UNCHANGED
2026-10-09,Gloria Bistrița,11,11,0,54.51,54.51,🟠 Form-dependent,🟠 Form-dependent,UNCHANGED
2026-10-09,Metaloglobus București,12,12,0,53.01,53.01,🟠 Form-dependent,🟠 Form-dependent,UNCHANGED
2026-10-09,ASA Târgu Mureș,13,13,0,51.63,51.63,🟠 Form-dependent,🟠 Form-dependent,UNCHANGED
2026-10-09,Râmnicu Vâlcea,14,14,0,50.49,50.49,🟠 Form-dependent,🟠 Form-dependent,UNCHANGED
2026-10-09,Bihor Oradea,15,15,0,43.66,43.66,⚪ Unranked,⚪ Unranked,UNCHANGED
2026-10-09,1599 Șelimbăr,16,16,0,32.45,32.45,⚪ Unranked,⚪ Unranked,UNCHANGED
2026-10-09,Ștefănești,17,17,0,30.66,30.66,⚪ Unranked,⚪ Unranked,UNCHANGED
2026-10-09,Steaua București,18,18,0,25.82,25.82,⚪ Unranked,⚪ Unranked,UNCHANGED
2026-10-09,Unirea Slobozia,19,19,0,23.57,23.57,⚪ Unranked,⚪ Unranked,UNCHANGED
2026-10-09,Olimpia Satu Mare,20,20,0,23.51,23.51,⚪ Unranked,⚪ Unranked,UNCHANGED
2026-10-09,Dumbrăvița,21,21,0,13.17,13.17,⚪ Unranked,⚪ Unranked,UNCHANGED
2026-10-09,Dinamo București,22,22,0,7.18,7.18,⚪ Unranked,⚪ Unranked,UNCHANGED
2026-10-09,Borac 1926,1,1,0,81.89,80.04,🟢 Elite,🟢 Elite,UNCHANGED
2026-10-09,TSC,3,2,-1,70.76,74.57,🟡 Reliable,🟡 Reliable,CHANGED
2026-10-09,Smederevo 1924,2,3,1,72.51,73.22,🟡 Reliable,🟡 Reliable,CHANGED
2026-10-09,Javor,5,4,-1,59.66,65.92,🟠 Form-dependent,🟡 Reliable,CHANGED
2026-10-09,Vršac,4,5,1,66.99,62.11,🟡 Reliable,🟠 Form-dependent,CHANGED
2026-10-09,Metalac,6,6,0,55.41,56.37,🟠 Form-dependent,🟠 Form-dependent,UNCHANGED
2026-10-09,Napredak,11,7,-4,38.45,49.32,⚪ Unranked,⚪ Unranked,CHANGED
2026-10-09,Dubočica,10,8,-2,45.38,47.7,⚪ Unranked,⚪ Unranked,CHANGED
2026-10-09,Voždovac,8,9,1,49.53,47.11,⚪ Unranked,⚪ Unranked,CHANGED
2026-10-09,Loznica,9,10,1,47.63,44.98,⚪ Unranked,⚪ Unranked,CHANGED
2026-10-09,Spartak,7,11,4,52.76,41.78,🟠 Form-dependent,⚪ Unranked,CHANGED
2026-10-09,Proleter 023,12,12,0,35.32,40.31,⚪ Unranked,⚪ Unranked,UNCHANGED
2026-10-09,Grafičar,13,13,0,27.64,26.82,⚪ Unranked,⚪ Unranked,UNCHANGED
2026-10-09,Teleoptik,16,14,-2,16.21,24.99,⚪ Unranked,⚪ Unranked,CHANGED
2026-10-09,Jedinstvo,15,15,0,20.01,21.73,⚪ Unranked,⚪ Unranked,UNCHANGED
2026-10-09,Bor,14,16,2,22.49,19.32,⚪ Unranked,⚪ Unranked,CHANGED
2026-10-09,Vihren,1,1,0,78.78,78.78,🟡 Reliable,🟡 Reliable,UNCHANGED
2026-10-09,Chernomorets Burgas,2,2,0,75.3,75.3,🟡 Reliable,🟡 Reliable,UNCHANGED
2026-10-09,Fratria Varna,3,3,0,70.99,70.99,🟡 Reliable,🟡 Reliable,UNCHANGED
2026-10-09,CSKA Sofia II,4,4,0,70.37,70.37,🟡 Reliable,🟡 Reliable,UNCHANGED
2026-10-09,Rilski Sportist,5,5,0,68.35,68.35,🟡 Reliable,🟡 Reliable,UNCHANGED
2026-10-09,Nesebar,6,6,0,60.48,60.49,🟠 Form-dependent,🟠 Form-dependent,UNCHANGED
2026-10-09,Yantra Gabrovo,7,7,0,55.33,55.33,🟠 Form-dependent,🟠 Form-dependent,UNCHANGED
2026-10-09,Lokomotiv Gorna Oryahovitsa,8,8,0,50.12,50.12,🟠 Form-dependent,🟠 Form-dependent,UNCHANGED
2026-10-09,Beroe,9,9,0,49.33,49.33,⚪ Unranked,⚪ Unranked,UNCHANGED
2026-10-09,Hebar,10,10,0,46.79,46.79,⚪ Unranked,⚪ Unranked,UNCHANGED
2026-10-09,Ludogorets Razgrad II,11,11,0,43.11,43.12,⚪ Unranked,⚪ Unranked,UNCHANGED
2026-10-09,Spartak Pleven,12,12,0,43.02,43.02,⚪ Unranked,⚪ Unranked,UNCHANGED
2026-10-09,Etar,13,13,0,42.87,42.87,⚪ Unranked,⚪ Unranked,UNCHANGED
2026-10-09,Marek,14,14,0,40.05,40.05,⚪ Unranked,⚪ Unranked,UNCHANGED
2026-10-09,Sportist Svoge,15,15,0,32.53,32.53,⚪ Unranked,⚪ Unranked,UNCHANGED
2026-10-09,Montana,16,16,0,28.86,28.86,⚪ Unranked,⚪ Unranked,UNCHANGED
2026-10-09,Dobrudzha,17,17,0,22.22,22.22,⚪ Unranked,⚪ Unranked,UNCHANGED
2026-10-09,Pirin Blagoevgrad,18,18,0,3.21,3.21,⚪ Unranked,⚪ Unranked,UNCHANGED
2026-10-09,Guangdong GZ-Power,1,1,0,84.07,84.12,🟢 Elite,🟢 Elite,UNCHANGED
2026-10-09,Yanbian Longding,3,2,-1,65.79,65.78,🟡 Reliable,🟡 Reliable,CHANGED
2026-10-09,Guangxi Hengchen,2,3,1,65.91,65.59,🟡 Reliable,🟡 Reliable,CHANGED
2026-10-09,Nantong Zhiyun,4,4,0,58.47,58.82,🟠 Form-dependent,🟠 Form-dependent,UNCHANGED
2026-10-09,Shaanxi Union,5,5,0,56.16,56.25,🟠 Form-dependent,🟠 Form-dependent,UNCHANGED
2026-10-09,Shijiazhuang Gongfu,6,6,0,54.18,54.48,🟠 Form-dependent,🟠 Form-dependent,UNCHANGED
2026-10-09,Shenzhen Juniors,7,7,0,54.06,53.74,🟠 Form-dependent,🟠 Form-dependent,UNCHANGED
2026-10-09,Wuxi Wugo,8,8,0,48.0,47.33,⚪ Unranked,⚪ Unranked,UNCHANGED
2026-10-09,Ningbo,9,9,0,43.08,43.02,⚪ Unranked,⚪ Unranked,UNCHANGED
2026-10-09,Dalian K'un City,10,10,0,38.88,38.6,⚪ Unranked,⚪ Unranked,UNCHANGED
2026-10-09,Changchun Yatai,11,11,0,37.79,37.76,⚪ Unranked,⚪ Unranked,UNCHANGED
2026-10-09,Jiangxi Dingnan United,12,12,0,33.16,33.14,⚪ Unranked,⚪ Unranked,UNCHANGED
2026-10-09,Suzhou Dongwu,13,13,0,31.97,31.6,⚪ Unranked,⚪ Unranked,UNCHANGED
2026-10-09,Meizhou Hakka,14,14,0,24.4,24.2,⚪ Unranked,⚪ Unranked,UNCHANGED
2026-10-09,Nanjing City,15,15,0,23.63,23.55,⚪ Unranked,⚪ Unranked,UNCHANGED
2026-10-09,Foshan Nanshi,16,16,0,21.44,21.8,⚪ Unranked,⚪ Unranked,UNCHANGED
2026-10-09,Neftchi,1,1,0,87.14,87.14,🟢 Elite,🟢 Elite,UNCHANGED
2026-10-09,Pakhtakor,2,2,0,72.69,72.69,🟡 Reliable,🟡 Reliable,UNCHANGED
2026-10-09,Navbahor,3,3,0,70.14,70.14,🟡 Reliable,🟡 Reliable,UNCHANGED
2026-10-09,Bukhara,4,4,0,67.75,67.75,🟡 Reliable,🟡 Reliable,UNCHANGED
2026-10-09,OKMK,5,5,0,63.68,63.68,🟠 Form-dependent,🟠 Form-dependent,UNCHANGED
2026-10-09,Lokomotiv,6,6,0,62.3,62.3,🟠 Form-dependent,🟠 Form-dependent,UNCHANGED
2026-10-09,Nasaf,7,7,0,50.24,50.24,🟠 Form-dependent,🟠 Form-dependent,UNCHANGED
2026-10-09,Bunyodkor,8,8,0,44.04,44.04,⚪ Unranked,⚪ Unranked,UNCHANGED
2026-10-09,Sogdiana,9,9,0,41.75,41.75,⚪ Unranked,⚪ Unranked,UNCHANGED
2026-10-09,Dinamo,10,10,0,40.24,40.24,⚪ Unranked,⚪ Unranked,UNCHANGED
2026-10-09,Andijon,11,11,0,40.04,40.04,⚪ Unranked,⚪ Unranked,UNCHANGED
2026-10-09,Qizilqum,12,12,0,39.02,39.02,⚪ Unranked,⚪ Unranked,UNCHANGED
2026-10-09,Khorazm,13,13,0,36.95,36.95,⚪ Unranked,⚪ Unranked,UNCHANGED
2026-10-09,Surkhon,14,14,0,34.33,34.33,⚪ Unranked,⚪ Unranked,UNCHANGED
2026-10-09,Kokand 1912,15,15,0,21.56,21.56,⚪ Unranked,⚪ Unranked,UNCHANGED
2026-10-09,Mash'al,16,16,0,6.96,6.96,⚪ Unranked,⚪ Unranked,UNCHANGED
2026-10-09,Unión Comercio,1,1,0,81.37,81.37,🟢 Elite,🟢 Elite,UNCHANGED
2026-10-09,Carlos A. Mannucci,2,2,0,74.09,74.09,🟡 Reliable,🟡 Reliable,UNCHANGED
2026-10-09,Deportivo Llacuabamba,3,3,0,68.06,68.06,🟡 Reliable,🟡 Reliable,UNCHANGED
2026-10-09,Pirata,4,4,0,59.28,59.28,🟠 Form-dependent,🟠 Form-dependent,UNCHANGED
2026-10-09,Universidad San Martín,5,5,0,54.21,54.21,🟠 Form-dependent,🟠 Form-dependent,UNCHANGED
2026-10-09,ADA,6,6,0,48.42,48.42,⚪ Unranked,⚪ Unranked,UNCHANGED
2026-10-09,Universidad César Vallejo,7,7,0,41.66,41.66,⚪ Unranked,⚪ Unranked,UNCHANGED
2026-10-09,Academia Cantolao,8,8,0,27.75,27.75,⚪ Unranked,⚪ Unranked,UNCHANGED
2026-10-09,San Marcos,9,9,0,7.14,7.14,⚪ Unranked,⚪ Unranked,UNCHANGED
2026-10-09,Noah,1,1,0,97.68,97.68,🟢 Elite,🟢 Elite,UNCHANGED
2026-10-09,Ararat-Armenia,2,2,0,81.62,81.62,🟢 Elite,🟢 Elite,UNCHANGED
2026-10-09,Pyunik,3,3,0,76.82,76.82,🟡 Reliable,🟡 Reliable,UNCHANGED
2026-10-09,Alashkert,4,4,0,59.92,59.92,🟠 Form-dependent,🟠 Form-dependent,UNCHANGED
2026-10-09,Sardarapat,5,5,0,54.04,54.04,🟠 Form-dependent,🟠 Form-dependent,UNCHANGED
2026-10-09,Urartu,6,6,0,52.31,52.31,🟠 Form-dependent,🟠 Form-dependent,UNCHANGED
2026-10-09,Ararat Yerevan,7,7,0,44.72,44.72,⚪ Unranked,⚪ Unranked,UNCHANGED
2026-10-09,Shirak,8,8,0,44.68,44.68,⚪ Unranked,⚪ Unranked,UNCHANGED
2026-10-09,BKMA,9,9,0,34.78,34.78,⚪ Unranked,⚪ Unranked,UNCHANGED
2026-10-09,Gandzasar Kapan,10,10,0,17.16,17.16,⚪ Unranked,⚪ Unranked,UNCHANGED
2026-10-09,Van,11,11,0,15.42,15.42,⚪ Unranked,⚪ Unranked,UNCHANGED
2026-10-09,Syunik,12,12,0,12.62,12.62,⚪ Unranked,⚪ Unranked,UNCHANGED
2026-10-09,Larne FC,1,1,0,89.91,89.91,🟢 Elite,🟢 Elite,UNCHANGED
2026-10-09,Linfield,2,2,0,80.49,80.49,🟢 Elite,🟢 Elite,UNCHANGED
2026-10-09,Coleraine FC,3,3,0,79.78,79.78,🟡 Reliable,🟡 Reliable,UNCHANGED
2026-10-09,Crusaders FC,4,4,0,54.42,54.42,🟠 Form-dependent,🟠 Form-dependent,UNCHANGED
2026-10-09,Glentoran,5,5,0,52.95,52.95,🟠 Form-dependent,🟠 Form-dependent,UNCHANGED
2026-10-09,Limavady United,6,6,0,48.49,48.49,⚪ Unranked,⚪ Unranked,UNCHANGED
2026-10-09,Dungannon Swifts,7,7,0,48.33,48.33,⚪ Unranked,⚪ Unranked,UNCHANGED
2026-10-09,Cliftonville FC,8,8,0,46.48,46.48,⚪ Unranked,⚪ Unranked,UNCHANGED
2026-10-09,Ballymena United,9,9,0,33.87,33.87,⚪ Unranked,⚪ Unranked,UNCHANGED
2026-10-09,Carrick Rangers,10,10,0,30.68,30.68,⚪ Unranked,⚪ Unranked,UNCHANGED
2026-10-09,Bangor FC,11,11,0,28.2,28.2,⚪ Unranked,⚪ Unranked,UNCHANGED
2026-10-09,Portadown FC,12,12,0,10.98,10.98,⚪ Unranked,⚪ Unranked,UNCHANGED
2026-10-09,Annagh United,1,1,0,79.27,79.27,🟡 Reliable,🟡 Reliable,UNCHANGED
2026-10-09,Glenavon,2,2,0,72.66,72.66,🟡 Reliable,🟡 Reliable,UNCHANGED
2026-10-09,Queens University,3,3,0,72.45,72.45,🟡 Reliable,🟡 Reliable,UNCHANGED
2026-10-09,Newington FC,4,4,0,70.26,70.26,🟡 Reliable,🟡 Reliable,UNCHANGED
2026-10-09,Newry City AFC,5,5,0,59.9,59.9,🟠 Form-dependent,🟠 Form-dependent,UNCHANGED
2026-10-09,Institute,6,6,0,59.11,59.11,🟠 Form-dependent,🟠 Form-dependent,UNCHANGED
2026-10-09,Ballinamallard United,7,7,0,58.99,58.99,🟠 Form-dependent,🟠 Form-dependent,UNCHANGED
2026-10-09,Warrenpoint Town,8,8,0,57.13,57.13,🟠 Form-dependent,🟠 Form-dependent,UNCHANGED
2026-10-09,Dundela,9,9,0,44.67,44.67,⚪ Unranked,⚪ Unranked,UNCHANGED
2026-10-09,H&W Welders,10,10,0,43.26,43.26,⚪ Unranked,⚪ Unranked,UNCHANGED
2026-10-09,Ards FC,11,11,0,38.08,38.08,⚪ Unranked,⚪ Unranked,UNCHANGED
2026-10-09,Strabane Athletic FC,12,12,0,25.97,25.97,⚪ Unranked,⚪ Unranked,UNCHANGED
2026-10-09,Moyola Park AFC,13,13,0,25.31,25.31,⚪ Unranked,⚪ Unranked,UNCHANGED
2026-10-09,Loughgall,14,14,0,22.65,22.65,⚪ Unranked,⚪ Unranked,UNCHANGED
2026-10-09,Armagh City,15,15,0,17.24,17.24,⚪ Unranked,⚪ Unranked,UNCHANGED
2026-10-09,Rathfriland Rangers,16,16,0,14.25,14.25,⚪ Unranked,⚪ Unranked,UNCHANGED
2026-10-09,NSÍ Runavík,1,1,0,79.32,79.32,🟡 Reliable,🟡 Reliable,UNCHANGED
2026-10-09,Klaksvíkar Ítróttarfelag,2,2,0,71.42,71.42,🟡 Reliable,🟡 Reliable,UNCHANGED
2026-10-09,HB Tórshavn,3,3,0,70.81,70.81,🟡 Reliable,🟡 Reliable,UNCHANGED
2026-10-09,EB/Streymur,4,4,0,56.02,56.02,🟠 Form-dependent,🟠 Form-dependent,UNCHANGED
2026-10-09,Víkingur Gøta,5,5,0,48.64,48.64,⚪ Unranked,⚪ Unranked,UNCHANGED
2026-10-09,B36 Tórshavn,6,6,0,39.82,39.82,⚪ Unranked,⚪ Unranked,UNCHANGED
2026-10-09,Skála ÍF,7,7,0,34.08,34.08,⚪ Unranked,⚪ Unranked,UNCHANGED
2026-10-09,Argja Bóltfelag,8,8,0,29.59,29.59,⚪ Unranked,⚪ Unranked,UNCHANGED
2026-10-09,07 Vestur Sørvágur,9,9,0,26.5,26.5,⚪ Unranked,⚪ Unranked,UNCHANGED
2026-10-09,B68 Toftir,10,10,0,19.33,19.33,⚪ Unranked,⚪ Unranked,UNCHANGED
2026-10-09,B71 Sandoy,1,1,0,80.33,80.33,🟡 Reliable,🟡 Reliable,UNCHANGED
2026-10-09,Víkingur Gøta II,2,2,0,79.75,79.75,🟡 Reliable,🟡 Reliable,UNCHANGED
2026-10-09,FC Suduroy,3,3,0,70.99,70.99,🟡 Reliable,🟡 Reliable,UNCHANGED
2026-10-09,ÍF Fuglafjørdur,4,4,0,58.09,58.09,🟠 Form-dependent,🟠 Form-dependent,UNCHANGED
2026-10-09,B36 Tórshavn II,5,5,0,54.66,54.66,🟠 Form-dependent,🟠 Form-dependent,UNCHANGED
2026-10-09,Tvøroyrar Bóltfelag,6,6,0,42.1,42.1,⚪ Unranked,⚪ Unranked,UNCHANGED
2026-10-09,FC Hoyvi­k,7,7,0,35.4,35.4,⚪ Unranked,⚪ Unranked,UNCHANGED
2026-10-09,NSÍ Runavík II,8,8,0,31.98,31.98,⚪ Unranked,⚪ Unranked,UNCHANGED
2026-10-09,HB Tórshavn II,9,9,0,27.53,27.53,⚪ Unranked,⚪ Unranked,UNCHANGED
2026-10-09,EB/Streymur II,10,10,0,16.25,16.25,⚪ Unranked,⚪ Unranked,UNCHANGED
2026-10-09,FK Otrant-Olympic,1,1,0,71.69,71.69,🟡 Reliable,🟡 Reliable,UNCHANGED
2026-10-09,FK Bokelj Kotor,2,2,0,67.29,67.29,🟡 Reliable,🟡 Reliable,UNCHANGED
2026-10-09,FK Budućnost Podgorica,3,3,0,65.72,65.72,🟡 Reliable,🟡 Reliable,UNCHANGED
2026-10-09,FK Sutjeska Nikšić,4,4,0,62.6,62.6,🟠 Form-dependent,🟠 Form-dependent,UNCHANGED
2026-10-09,FK Dečić Tuzi,5,5,0,55.86,55.86,🟠 Form-dependent,🟠 Form-dependent,UNCHANGED
2026-10-09,FK Mornar Bar,6,6,0,48.24,48.24,⚪ Unranked,⚪ Unranked,UNCHANGED
2026-10-09,Mladost DG,7,7,0,38.55,38.55,⚪ Unranked,⚪ Unranked,UNCHANGED
2026-10-09,FK Arsenal Tivat,8,8,0,27.78,27.78,⚪ Unranked,⚪ Unranked,UNCHANGED
2026-10-09,FK Jezero,9,9,0,27.48,27.48,⚪ Unranked,⚪ Unranked,UNCHANGED
2026-10-09,OFK Petrovac,10,10,0,21.18,21.18,⚪ Unranked,⚪ Unranked,UNCHANGED
2026-10-09,FK Podgorica,1,1,0,75.81,75.81,🟡 Reliable,🟡 Reliable,UNCHANGED
2026-10-09,FK Jedinstvo Bijelo Polje,2,2,0,73.55,73.55,🟡 Reliable,🟡 Reliable,UNCHANGED
2026-10-09,OFK Grbalj,3,3,0,59.67,59.67,🟠 Form-dependent,🟠 Form-dependent,UNCHANGED
2026-10-09,FK Zeta Golubovci,4,4,0,53.92,53.92,🟠 Form-dependent,🟠 Form-dependent,UNCHANGED
2026-10-09,FK Iskra Danilovgrad,5,5,0,45.14,45.14,⚪ Unranked,⚪ Unranked,UNCHANGED
2026-10-09,FK Rudar Pljevlja,6,6,0,43.99,43.99,⚪ Unranked,⚪ Unranked,UNCHANGED
2026-10-09,FK Lovćen,7,7,0,42.36,42.36,⚪ Unranked,⚪ Unranked,UNCHANGED
2026-10-09,FK Kom Podgorica,8,8,0,42.08,42.08,⚪ Unranked,⚪ Unranked,UNCHANGED
2026-10-09,FK Budva,9,9,0,29.63,29.63,⚪ Unranked,⚪ Unranked,UNCHANGED
2026-10-09,FK Berane,10,10,0,15.14,15.14,⚪ Unranked,⚪ Unranked,UNCHANGED
2026-10-09,Welco,1,1,0,80.0,80.0,🟢 Elite,🟢 Elite,UNCHANGED
2026-10-09,Viimsi,2,2,0,66.36,66.36,🟡 Reliable,🟡 Reliable,UNCHANGED
2026-10-09,Flora U21,3,3,0,62.1,62.1,🟠 Form-dependent,🟠 Form-dependent,UNCHANGED
2026-10-09,Elva,4,4,0,52.0,52.0,🟠 Form-dependent,🟠 Form-dependent,UNCHANGED
2026-10-09,FCI Levadia U21,5,5,0,47.98,47.98,⚪ Unranked,⚪ Unranked,UNCHANGED
2026-10-09,Tallinna Kalev,6,6,0,45.83,45.83,⚪ Unranked,⚪ Unranked,UNCHANGED
2026-10-09,Maardu Linnameeskond,7,7,0,40.15,40.15,⚪ Unranked,⚪ Unranked,UNCHANGED
2026-10-09,Nõmme United U21,8,8,0,33.52,33.52,⚪ Unranked,⚪ Unranked,UNCHANGED
2026-10-09,Nõmme Kalju U21,9,9,0,28.01,28.01,⚪ Unranked,⚪ Unranked,UNCHANGED
2026-10-09,Tallinn,10,10,0,19.49,19.49,⚪ Unranked,⚪ Unranked,UNCHANGED
2026-10-09,Aral Nukus,1,1,0,90.73,90.73,🟢 Elite,🟢 Elite,UNCHANGED
2026-10-09,Shurtan,2,2,0,81.26,81.26,🟢 Elite,🟢 Elite,UNCHANGED
2026-10-09,Lochin,3,3,0,76.96,76.96,🟡 Reliable,🟡 Reliable,UNCHANGED
2026-10-09,Metallurg Bekabad,4,4,0,70.82,70.82,🟡 Reliable,🟡 Reliable,UNCHANGED
2026-10-09,Kattakurgan,5,5,0,64.88,64.88,🟠 Form-dependent,🟠 Form-dependent,UNCHANGED
2026-10-09,Gazalkent,6,6,0,57.1,57.1,🟠 Form-dependent,🟠 Form-dependent,UNCHANGED
2026-10-09,FarDU,7,7,0,49.03,49.03,⚪ Unranked,⚪ Unranked,UNCHANGED
2026-10-09,Yaypan,8,8,0,45.49,45.49,⚪ Unranked,⚪ Unranked,UNCHANGED
2026-10-09,FC Olympic MobiUz,9,9,0,44.62,44.62,⚪ Unranked,⚪ Unranked,UNCHANGED
2026-10-09,Respublika,10,10,0,40.47,40.47,⚪ Unranked,⚪ Unranked,UNCHANGED
2026-10-09,Jaykhun,11,11,0,29.13,29.13,⚪ Unranked,⚪ Unranked,UNCHANGED
2026-10-09,Buxoro University,12,12,0,23.36,23.36,⚪ Unranked,⚪ Unranked,UNCHANGED
2026-10-09,TerDU,13,13,0,16.98,16.98,⚪ Unranked,⚪ Unranked,UNCHANGED
2026-10-09,Pakhtakor II,14,14,0,12.52,12.52,⚪ Unranked,⚪ Unranked,UNCHANGED
2026-10-09,Tractor,1,1,0,84.92,84.92,🟢 Elite,🟢 Elite,UNCHANGED
2026-10-09,Persepolis,2,2,0,79.11,79.11,🟡 Reliable,🟡 Reliable,UNCHANGED
2026-10-09,Esteghlal,3,3,0,77.77,77.77,🟡 Reliable,🟡 Reliable,UNCHANGED
2026-10-09,Aluminium Arak,4,4,0,72.8,72.8,🟡 Reliable,🟡 Reliable,UNCHANGED
2026-10-09,Sepahan,5,5,0,58.95,58.95,🟠 Form-dependent,🟠 Form-dependent,UNCHANGED
2026-10-09,Foolad,6,6,0,56.17,56.17,🟠 Form-dependent,🟠 Form-dependent,UNCHANGED
2026-10-09,Gol Gohar,7,7,0,54.72,54.72,🟠 Form-dependent,🟠 Form-dependent,UNCHANGED
2026-10-09,Fajr Sepasi,8,8,0,45.06,45.06,⚪ Unranked,⚪ Unranked,UNCHANGED
2026-10-09,Paykan,9,9,0,44.47,44.47,⚪ Unranked,⚪ Unranked,UNCHANGED
2026-10-09,Malavan,10,10,0,42.91,42.91,⚪ Unranked,⚪ Unranked,UNCHANGED
2026-10-09,Nassaji,11,11,0,42.9,42.9,⚪ Unranked,⚪ Unranked,UNCHANGED
2026-10-09,Kheybar,12,12,0,36.73,36.73,⚪ Unranked,⚪ Unranked,UNCHANGED
2026-10-09,Zob Ahan,13,13,0,34.57,34.57,⚪ Unranked,⚪ Unranked,UNCHANGED
2026-10-09,Esteghlal Khuzestan,14,14,0,30.51,30.51,⚪ Unranked,⚪ Unranked,UNCHANGED
2026-10-09,Shams Azar,15,15,0,26.57,26.57,⚪ Unranked,⚪ Unranked,UNCHANGED
2026-10-09,Chadormalou,16,16,0,25.07,25.07,⚪ Unranked,⚪ Unranked,UNCHANGED
2026-10-09,Mes Shahr-e Babak,17,17,0,21.95,21.95,⚪ Unranked,⚪ Unranked,UNCHANGED
2026-10-09,Sanat Naft,18,18,0,18.56,18.56,⚪ Unranked,⚪ Unranked,UNCHANGED
2026-10-09,KTP,1,1,0,78.83,78.83,🟡 Reliable,🟡 Reliable,UNCHANGED
2026-10-09,Haka,2,2,0,68.23,68.23,🟡 Reliable,🟡 Reliable,UNCHANGED
2026-10-09,PK-35,3,3,0,68.01,68.01,🟡 Reliable,🟡 Reliable,UNCHANGED
2026-10-09,JäPS,4,4,0,60.77,60.77,🟠 Form-dependent,🟠 Form-dependent,UNCHANGED
2026-10-09,JIPPO,5,5,0,58.71,58.71,🟠 Form-dependent,🟠 Form-dependent,UNCHANGED
2026-10-09,EIF,6,6,0,45.48,45.48,⚪ Unranked,⚪ Unranked,UNCHANGED
2026-10-09,MP,7,7,0,44.69,44.69,⚪ Unranked,⚪ Unranked,UNCHANGED
2026-10-09,Klubi 04,8,8,0,41.57,41.57,⚪ Unranked,⚪ Unranked,UNCHANGED
2026-10-09,KäPa,9,9,0,26.46,26.46,⚪ Unranked,⚪ Unranked,UNCHANGED
2026-10-09,SJK Akatemia,10,10,0,14.05,14.05,⚪ Unranked,⚪ Unranked,UNCHANGED
2026-10-09,SFC Shturmi,1,1,0,71.36,71.36,🟡 Reliable,🟡 Reliable,UNCHANGED
2026-10-09,FC Samtredia,2,2,0,65.39,65.39,🟡 Reliable,🟡 Reliable,UNCHANGED
2026-10-09,Gareji,3,3,0,64.94,64.94,🟠 Form-dependent,🟠 Form-dependent,UNCHANGED
2026-10-09,Merani Martvili,4,4,0,60.81,60.81,🟠 Form-dependent,🟠 Form-dependent,UNCHANGED
2026-10-09,FC Telavi,5,5,0,54.38,54.38,🟠 Form-dependent,🟠 Form-dependent,UNCHANGED
2026-10-09,FC Aragvi Dusheti,6,6,0,44.02,44.02,⚪ Unranked,⚪ Unranked,UNCHANGED
2026-10-09,FC Kolkheti-1913 Poti,7,7,0,36.63,36.63,⚪ Unranked,⚪ Unranked,UNCHANGED
2026-10-09,FC Odishi 1919,8,8,0,35.25,35.25,⚪ Unranked,⚪ Unranked,UNCHANGED
2026-10-09,Sioni Bolnisi,9,9,0,30.58,30.58,⚪ Unranked,⚪ Unranked,UNCHANGED
2026-10-09,FC Gori,10,10,0,24.01,24.01,⚪ Unranked,⚪ Unranked,UNCHANGED
2026-10-09,FK Minija Kretinga,1,1,0,92.33,92.33,🟢 Elite,🟢 Elite,UNCHANGED
2026-10-09,FK Babrungas Plungė,2,2,0,84.94,84.94,🟢 Elite,🟢 Elite,UNCHANGED
2026-10-09,BE1 NFA,3,3,0,83.9,83.9,🟢 Elite,🟢 Elite,UNCHANGED
2026-10-09,FK Tauras,4,4,0,76.5,76.5,🟡 Reliable,🟡 Reliable,UNCHANGED
2026-10-09,Žalgiris B Vilnius,5,5,0,61.91,61.91,🟠 Form-dependent,🟠 Form-dependent,UNCHANGED
2026-10-09,FC Neptūnas Klaipėda,6,6,0,56.86,56.86,🟠 Form-dependent,🟠 Form-dependent,UNCHANGED
2026-10-09,Dainava Alytus,7,7,0,56.24,56.24,🟠 Form-dependent,🟠 Form-dependent,UNCHANGED
2026-10-09,Atmosfera Mažeikiai,8,8,0,47.47,47.47,⚪ Unranked,⚪ Unranked,UNCHANGED
2026-10-09,FK Jonava,9,9,0,41.46,41.46,⚪ Unranked,⚪ Unranked,UNCHANGED
2026-10-09,Baltijos Futbolo Akademija,10,10,0,40.05,40.05,⚪ Unranked,⚪ Unranked,UNCHANGED
2026-10-09,FK Garliava,11,11,0,36.87,36.87,⚪ Unranked,⚪ Unranked,UNCHANGED
2026-10-09,Hegelmann Litauen B,12,12,0,28.09,28.09,⚪ Unranked,⚪ Unranked,UNCHANGED
2026-10-09,FK Transinvest B,13,13,0,24.45,24.45,⚪ Unranked,⚪ Unranked,UNCHANGED
2026-10-09,FA Siauliai B,14,14,0,23.98,23.98,⚪ Unranked,⚪ Unranked,UNCHANGED
2026-10-09,FK Kauno Zalgiris B,15,15,0,22.15,22.15,⚪ Unranked,⚪ Unranked,UNCHANGED
2026-10-09,Ekranas Panevezys,16,16,0,14.96,14.96,⚪ Unranked,⚪ Unranked,UNCHANGED
2026-10-09,Scottland,1,1,0,83.55,83.55,🟢 Elite,🟢 Elite,UNCHANGED
2026-10-09,Hardrock,2,2,0,79.29,79.29,🟡 Reliable,🟡 Reliable,UNCHANGED
2026-10-09,Ngezi Platinum Stars,3,3,0,71.71,71.71,🟡 Reliable,🟡 Reliable,UNCHANGED
2026-10-09,Dynamos,4,4,0,69.5,69.5,🟡 Reliable,🟡 Reliable,UNCHANGED
2026-10-09,Herentals,5,5,0,65.21,65.21,🟡 Reliable,🟡 Reliable,UNCHANGED
2026-10-09,CAPS United,6,6,0,62.12,62.12,🟠 Form-dependent,🟠 Form-dependent,UNCHANGED
2026-10-09,Highlanders,7,7,0,58.48,58.48,🟠 Form-dependent,🟠 Form-dependent,UNCHANGED
2026-10-09,MWOS,8,8,0,54.6,54.6,🟠 Form-dependent,🟠 Form-dependent,UNCHANGED
2026-10-09,Chicken Inn,9,9,0,50.73,50.73,🟠 Form-dependent,🟠 Form-dependent,UNCHANGED
2026-10-09,Platinum,10,10,0,47.31,47.31,⚪ Unranked,⚪ Unranked,UNCHANGED
2026-10-09,Simba Bhora,11,11,0,44.56,44.56,⚪ Unranked,⚪ Unranked,UNCHANGED
2026-10-09,Bulawayo Chiefs,12,12,0,40.01,40.01,⚪ Unranked,⚪ Unranked,UNCHANGED
2026-10-09,Kariba,13,13,0,35.92,35.92,⚪ Unranked,⚪ Unranked,UNCHANGED
2026-10-09,FC Hunters,14,14,0,32.5,32.5,⚪ Unranked,⚪ Unranked,UNCHANGED
2026-10-09,Agama United,15,15,0,26.97,26.97,⚪ Unranked,⚪ Unranked,UNCHANGED
2026-10-09,TelOne,16,16,0,23.55,23.55,⚪ Unranked,⚪ Unranked,UNCHANGED
2026-10-09,Manica Diamonds,17,17,0,19.65,19.65,⚪ Unranked,⚪ Unranked,UNCHANGED
2026-10-09,Triangle United,18,18,0,17.93,17.93,⚪ Unranked,⚪ Unranked,UNCHANGED
2026-10-09,Negelle Arsi,1,1,0,80.92,80.92,🟢 Elite,🟢 Elite,UNCHANGED
2026-10-09,Sidama Bunna FC,2,2,0,77.86,77.86,🟡 Reliable,🟡 Reliable,UNCHANGED
2026-10-09,Ethiopia Electricity,3,3,0,53.71,53.71,🟠 Form-dependent,🟠 Form-dependent,UNCHANGED
2026-10-09,Bahir Dar Kenema FC,4,4,0,53.42,53.42,🟠 Form-dependent,🟠 Form-dependent,UNCHANGED
2026-10-09,Ethiopia Bunna,5,5,0,53.38,53.38,🟠 Form-dependent,🟠 Form-dependent,UNCHANGED
2026-10-09,Fasil Ketema,6,6,0,51.47,51.47,🟠 Form-dependent,🟠 Form-dependent,UNCHANGED
2026-10-09,Hawassa City,7,7,0,50.04,50.04,🟠 Form-dependent,🟠 Form-dependent,UNCHANGED
2026-10-09,Saint George,8,8,0,49.62,49.62,⚪ Unranked,⚪ Unranked,UNCHANGED
2026-10-09,Ethiopia Nigd Bank,9,9,0,47.93,47.93,⚪ Unranked,⚪ Unranked,UNCHANGED
2026-10-09,Mechal,10,10,0,46.94,46.94,⚪ Unranked,⚪ Unranked,UNCHANGED
2026-10-09,Wolaita Dicha FC,11,11,0,44.47,44.47,⚪ Unranked,⚪ Unranked,UNCHANGED
2026-10-09,Hadiya Hossana,12,12,0,44.4,44.4,⚪ Unranked,⚪ Unranked,UNCHANGED
2026-10-09,Sheger Ketema,13,13,0,42.62,42.62,⚪ Unranked,⚪ Unranked,UNCHANGED
2026-10-09,Ethiopian Medhin,14,14,0,41.64,41.64,⚪ Unranked,⚪ Unranked,UNCHANGED
2026-10-09,Adama City,15,15,0,41.16,41.16,⚪ Unranked,⚪ Unranked,UNCHANGED
2026-10-09,Shire Endaselassie FC,16,16,0,37.07,37.07,⚪ Unranked,⚪ Unranked,UNCHANGED
2026-10-09,Welwalu Adigrat,17,17,0,34.33,34.33,⚪ Unranked,⚪ Unranked,UNCHANGED
2026-10-09,Mekelle 70  Enderta,18,18,0,32.36,32.36,⚪ Unranked,⚪ Unranked,UNCHANGED
2026-10-09,Dire Dawa,19,19,0,26.31,26.31,⚪ Unranked,⚪ Unranked,UNCHANGED
2026-10-09,Arba Minch,20,20,0,25.08,25.08,⚪ Unranked,⚪ Unranked,UNCHANGED
2026-10-09,Deportivo Santaní,1,1,0,73.95,73.95,🟡 Reliable,🟡 Reliable,UNCHANGED
2026-10-09,Paraguari AC,2,2,0,67.95,67.95,🟡 Reliable,🟡 Reliable,UNCHANGED
2026-10-09,Carapegua,3,3,0,66.6,66.6,🟡 Reliable,🟡 Reliable,UNCHANGED
2026-10-09,12 de Junio de Villa Hayes,4,4,0,65.95,65.95,🟡 Reliable,🟡 Reliable,UNCHANGED
2026-10-09,Independiente FBC,5,5,0,63.22,63.22,🟠 Form-dependent,🟠 Form-dependent,UNCHANGED
2026-10-09,General Caballero,6,6,0,58.74,58.74,🟠 Form-dependent,🟠 Form-dependent,UNCHANGED
2026-10-09,Sol de América,7,7,0,58.61,58.61,🟠 Form-dependent,🟠 Form-dependent,UNCHANGED
2026-10-09,Club Dr. Benjamín Aceval,8,8,0,56.9,56.9,🟠 Form-dependent,🟠 Form-dependent,UNCHANGED
2026-10-09,Club Fernando de la Mora,9,9,0,48.63,48.63,⚪ Unranked,⚪ Unranked,UNCHANGED
2026-10-09,Club 3 de Noviembre,10,10,0,45.91,45.91,⚪ Unranked,⚪ Unranked,UNCHANGED
2026-10-09,Encarnacion FC,11,11,0,31.81,31.81,⚪ Unranked,⚪ Unranked,UNCHANGED
2026-10-09,Resistencia FC,12,12,0,31.09,31.09,⚪ Unranked,⚪ Unranked,UNCHANGED
2026-10-09,Club Atlético Tembetary,13,13,0,28.92,28.92,⚪ Unranked,⚪ Unranked,UNCHANGED
2026-10-09,Tacuary,14,14,0,27.37,27.37,⚪ Unranked,⚪ Unranked,UNCHANGED
2026-10-09,Deportivo Capiatá,15,15,0,24.06,24.06,⚪ Unranked,⚪ Unranked,UNCHANGED
2026-10-09,Guaireña,16,16,0,23.2,23.2,⚪ Unranked,⚪ Unranked,UNCHANGED
2026-10-09,Young Africans SC,1,1,0,97.95,97.95,🟢 Elite,🟢 Elite,UNCHANGED
2026-10-09,Simba SC,2,2,0,95.0,95.0,🟢 Elite,🟢 Elite,UNCHANGED
2026-10-09,Azam FC,3,3,0,66.86,66.86,🟡 Reliable,🟡 Reliable,UNCHANGED
2026-10-09,Dodoma Jiji FC,4,4,0,64.67,64.67,🟠 Form-dependent,🟠 Form-dependent,UNCHANGED
2026-10-09,Singida Black Stars SC,5,5,0,63.91,63.91,🟠 Form-dependent,🟠 Form-dependent,UNCHANGED
2026-10-09,Mashujaa FC,6,6,0,60.26,60.26,🟠 Form-dependent,🟠 Form-dependent,UNCHANGED
2026-10-09,Mbeya City FC,7,7,0,55.51,55.51,🟠 Form-dependent,🟠 Form-dependent,UNCHANGED
2026-10-09,Coastal Union,8,8,0,53.94,53.94,🟠 Form-dependent,🟠 Form-dependent,UNCHANGED
2026-10-09,Polisi Tanzania FC,9,9,0,48.61,48.61,⚪ Unranked,⚪ Unranked,UNCHANGED
2026-10-09,JKT Tanzania,10,10,0,47.61,47.61,⚪ Unranked,⚪ Unranked,UNCHANGED
2026-10-09,TRA United SC,11,11,0,41.08,41.08,⚪ Unranked,⚪ Unranked,UNCHANGED
2026-10-09,Geita Gold FC,12,12,0,35.57,35.57,⚪ Unranked,⚪ Unranked,UNCHANGED
2026-10-09,Namungo FC,13,13,0,23.11,23.11,⚪ Unranked,⚪ Unranked,UNCHANGED
2026-10-09,Fountain Gate,14,14,0,18.72,18.72,⚪ Unranked,⚪ Unranked,UNCHANGED
2026-10-09,Kagera Sugar FC,15,15,0,13.92,13.92,⚪ Unranked,⚪ Unranked,UNCHANGED
2026-10-09,Pamba SC,16,16,0,6.19,6.19,⚪ Unranked,⚪ Unranked,UNCHANGED
2026-10-09,Associação Black Bulls,1,1,0,89.76,89.76,🟢 Elite,🟢 Elite,UNCHANGED
2026-10-09,Costa do Sol,2,2,0,77.87,77.87,🟡 Reliable,🟡 Reliable,UNCHANGED
2026-10-09,Ferroviário da Beira,3,3,0,67.1,67.1,🟡 Reliable,🟡 Reliable,UNCHANGED
2026-10-09,Ferroviário de Lichinga,4,4,0,60.24,60.24,🟠 Form-dependent,🟠 Form-dependent,UNCHANGED
2026-10-09,Ferroviário de Maputo,5,5,0,59.06,59.06,🟠 Form-dependent,🟠 Form-dependent,UNCHANGED
2026-10-09,Associação Desportiva de Vilankulo,6,6,0,51.78,51.78,🟠 Form-dependent,🟠 Form-dependent,UNCHANGED
2026-10-09,Ferroviario Nampula,7,7,0,51.18,51.18,🟠 Form-dependent,🟠 Form-dependent,UNCHANGED
2026-10-09,União Desportiva do Songo,8,8,0,48.78,48.78,⚪ Unranked,⚪ Unranked,UNCHANGED
2026-10-09,Baía de Pemba FC,9,9,0,44.57,44.57,⚪ Unranked,⚪ Unranked,UNCHANGED
2026-10-09,Ferroviário de Nacala,10,10,0,43.19,43.19,⚪ Unranked,⚪ Unranked,UNCHANGED
2026-10-09,Associação Desportiva de Pemba,11,11,0,30.36,30.36,⚪ Unranked,⚪ Unranked,UNCHANGED
2026-10-09,Liga Desportiva de Sofala,12,12,0,24.07,24.07,⚪ Unranked,⚪ Unranked,UNCHANGED
2026-10-09,Chingale de Tete,13,13,0,21.06,21.06,⚪ Unranked,⚪ Unranked,UNCHANGED
2026-10-09,Clube de Desportos Maxaquene,14,14,0,13.1,13.1,⚪ Unranked,⚪ Unranked,UNCHANGED
2026-10-09,Real Cundinamarca,1,1,0,81.16,81.16,🟢 Elite,🟢 Elite,UNCHANGED
2026-10-09,Real Cartagena,2,2,0,75.6,75.6,🟡 Reliable,🟡 Reliable,UNCHANGED
2026-10-09,Tigres FC,3,3,0,62.23,62.23,🟠 Form-dependent,🟠 Form-dependent,UNCHANGED
2026-10-09,Internacional de Palmira,4,4,0,62.0,62.0,🟠 Form-dependent,🟠 Form-dependent,UNCHANGED
2026-10-09,Independiente Valle del Cauca,5,5,0,60.59,60.59,🟠 Form-dependent,🟠 Form-dependent,UNCHANGED
2026-10-09,Deportes Quindío,6,6,0,56.89,56.89,🟠 Form-dependent,🟠 Form-dependent,UNCHANGED
2026-10-09,Orsomarso SC,7,7,0,55.56,55.56,🟠 Form-dependent,🟠 Form-dependent,UNCHANGED
2026-10-09,Atlético Cali,8,8,0,46.9,46.9,⚪ Unranked,⚪ Unranked,UNCHANGED
2026-10-09,Patriotas Boyacá,9,9,0,44.9,44.9,⚪ Unranked,⚪ Unranked,UNCHANGED
2026-10-09,Boca Juniors de Cali,10,10,0,40.82,40.82,⚪ Unranked,⚪ Unranked,UNCHANGED
2026-10-09,Envigado FC,11,11,0,39.94,39.94,⚪ Unranked,⚪ Unranked,UNCHANGED
2026-10-09,Real Santander,12,12,0,32.79,32.79,⚪ Unranked,⚪ Unranked,UNCHANGED
2026-10-09,Bogotá FC,13,13,0,30.95,30.95,⚪ Unranked,⚪ Unranked,UNCHANGED
2026-10-09,Leones FC,14,14,0,29.12,29.12,⚪ Unranked,⚪ Unranked,UNCHANGED
2026-10-09,Unión Magdalena,15,15,0,21.04,21.04,⚪ Unranked,⚪ Unranked,UNCHANGED
2026-10-09,Barranquilla FC,16,16,0,15.21,15.21,⚪ Unranked,⚪ Unranked,UNCHANGED
2026-10-09,Vinotinto FC,1,1,0,71.73,71.73,🟡 Reliable,🟡 Reliable,UNCHANGED
2026-10-09,Atlético Rojiblanco,2,2,0,68.29,68.29,🟡 Reliable,🟡 Reliable,UNCHANGED
2026-10-09,9 de Octubre,3,3,0,63.73,63.73,🟠 Form-dependent,🟠 Form-dependent,UNCHANGED
2026-10-09,Independiente Juniors,4,4,0,56.04,56.04,🟠 Form-dependent,🟠 Form-dependent,UNCHANGED
2026-10-09,Deportivo Santo Domingo,5,5,0,52.83,52.83,🟠 Form-dependent,🟠 Form-dependent,UNCHANGED
2026-10-09,Gualaceo SC,6,6,0,52.08,52.08,🟠 Form-dependent,🟠 Form-dependent,UNCHANGED
2026-10-09,LDU Portoviejo,7,7,0,50.79,50.79,🟠 Form-dependent,🟠 Form-dependent,UNCHANGED
2026-10-09,CD Cuenca Juniors,8,8,0,49.65,49.65,⚪ Unranked,⚪ Unranked,UNCHANGED
2026-10-09,Cumbayá FC,9,9,0,47.5,47.5,⚪ Unranked,⚪ Unranked,UNCHANGED
2026-10-09,San Antonio FC,10,10,0,37.69,37.69,⚪ Unranked,⚪ Unranked,UNCHANGED
2026-10-09,El Nacional,11,11,0,20.57,20.57,⚪ Unranked,⚪ Unranked,UNCHANGED
2026-10-09,22 de Julio,12,12,0,16.77,16.77,⚪ Unranked,⚪ Unranked,UNCHANGED
2026-10-09,Plaza Colonia,1,1,0,75.22,75.22,🟡 Reliable,🟡 Reliable,UNCHANGED
2026-10-09,Oriental de La Paz,2,2,0,69.12,69.12,🟡 Reliable,🟡 Reliable,UNCHANGED
2026-10-09,Rentistas,3,3,0,68.65,68.65,🟡 Reliable,🟡 Reliable,UNCHANGED
2026-10-09,Atenas de San Carlos,4,4,0,67.15,67.15,🟡 Reliable,🟡 Reliable,UNCHANGED
2026-10-09,Colón FC,5,5,0,57.31,57.31,🟠 Form-dependent,🟠 Form-dependent,UNCHANGED
2026-10-09,Fénix,6,6,0,48.43,48.43,⚪ Unranked,⚪ Unranked,UNCHANGED
2026-10-09,Huracán del Paso de la Arena FC,7,7,0,46.54,46.54,⚪ Unranked,⚪ Unranked,UNCHANGED
2026-10-09,Paysandú FC,8,8,0,41.35,41.35,⚪ Unranked,⚪ Unranked,UNCHANGED
2026-10-09,Miramar Misiones,9,9,0,40.1,40.1,⚪ Unranked,⚪ Unranked,UNCHANGED
2026-10-09,La Luz,10,10,0,39.27,39.27,⚪ Unranked,⚪ Unranked,UNCHANGED
2026-10-09,Cerrito,11,11,0,38.41,38.41,⚪ Unranked,⚪ Unranked,UNCHANGED
2026-10-09,River Plate UY,12,12,0,34.13,34.13,⚪ Unranked,⚪ Unranked,UNCHANGED
2026-10-09,Tacuarembó FC,13,13,0,24.58,24.58,⚪ Unranked,⚪ Unranked,UNCHANGED
2026-10-09,Uruguay Montevideo FC,14,14,0,22.29,22.29,⚪ Unranked,⚪ Unranked,UNCHANGED
2026-10-09,Deportivo Lara,1,1,0,89.5,89.5,🟢 Elite,🟢 Elite,UNCHANGED
2026-10-09,Barquisimeto SC,2,2,0,72.97,72.97,🟡 Reliable,🟡 Reliable,UNCHANGED
2026-10-09,Ureña SC,3,3,0,62.57,62.57,🟠 Form-dependent,🟠 Form-dependent,UNCHANGED
2026-10-09,Zamora FC Barinas II,4,4,0,61.93,61.93,🟠 Form-dependent,🟠 Form-dependent,UNCHANGED
2026-10-09,Yaracuyanos FC,5,5,0,52.1,52.1,🟠 Form-dependent,🟠 Form-dependent,UNCHANGED
2026-10-09,Atlético El Vigía,6,6,0,46.49,46.49,⚪ Unranked,⚪ Unranked,UNCHANGED
2026-10-09,Club Atletico Barinas,7,7,0,38.57,38.57,⚪ Unranked,⚪ Unranked,UNCHANGED
2026-10-09,Academia Puerto Cabello Reserves,8,8,0,29.19,29.19,⚪ Unranked,⚪ Unranked,UNCHANGED
2026-10-09,Real Frontera SC,9,9,0,14.56,14.56,⚪ Unranked,⚪ Unranked,UNCHANGED
2026-10-09,Jadran Luka Ploče,1,1,0,80.93,80.93,🟢 Elite,🟢 Elite,UNCHANGED
2026-10-09,Cibalia,2,2,0,67.86,67.86,🟡 Reliable,🟡 Reliable,UNCHANGED
2026-10-09,BSK Bijelo Brdo,3,3,0,67.27,67.28,🟡 Reliable,🟡 Reliable,UNCHANGED
2026-10-09,Croatia Zmijavci,4,4,0,66.28,66.26,🟡 Reliable,🟡 Reliable,UNCHANGED
2026-10-09,Mladost Ždralovi,5,5,0,60.53,60.53,🟠 Form-dependent,🟠 Form-dependent,UNCHANGED
2026-10-09,Segesta,6,6,0,53.1,53.1,🟠 Form-dependent,🟠 Form-dependent,UNCHANGED
2026-10-09,Dinamo II,7,7,0,50.13,50.15,🟠 Form-dependent,🟠 Form-dependent,UNCHANGED
2026-10-09,Sesvete,8,8,0,48.46,48.45,⚪ Unranked,⚪ Unranked,UNCHANGED
2026-10-09,Dugopolje,9,9,0,43.97,43.96,⚪ Unranked,⚪ Unranked,UNCHANGED
2026-10-09,Karlovac 1919,10,10,0,41.51,41.51,⚪ Unranked,⚪ Unranked,UNCHANGED
2026-10-09,Dubrava,11,11,0,39.31,39.33,⚪ Unranked,⚪ Unranked,UNCHANGED
2026-10-09,Orijent,12,12,0,34.98,34.98,⚪ Unranked,⚪ Unranked,UNCHANGED
2026-10-09,Opatija,13,13,0,34.46,34.46,⚪ Unranked,⚪ Unranked,UNCHANGED
2026-10-09,Vukovar 1991,14,14,0,34.25,34.23,⚪ Unranked,⚪ Unranked,UNCHANGED
2026-10-09,Kustošija,15,15,0,26.36,26.36,⚪ Unranked,⚪ Unranked,UNCHANGED
2026-10-09,Hrvace,16,16,0,24.53,24.54,⚪ Unranked,⚪ Unranked,UNCHANGED
2026-10-09,Khonkaen United,1,1,0,90.13,90.13,🟢 Elite,🟢 Elite,UNCHANGED
2026-10-09,Uttaradit,2,2,0,75.13,75.13,🟡 Reliable,🟡 Reliable,UNCHANGED
2026-10-09,Muang Loei United,3,3,0,68.08,68.08,🟡 Reliable,🟡 Reliable,UNCHANGED
2026-10-09,Nongbua Pitchaya,4,4,0,65.27,65.27,🟡 Reliable,🟡 Reliable,UNCHANGED
2026-10-09,Chainat Hornbill,5,5,0,62.81,62.81,🟠 Form-dependent,🟠 Form-dependent,UNCHANGED
2026-10-09,Muangthong United,6,6,0,60.34,60.34,🟠 Form-dependent,🟠 Form-dependent,UNCHANGED
2026-10-09,PT Satun,7,7,0,55.55,55.55,🟠 Form-dependent,🟠 Form-dependent,UNCHANGED
2026-10-09,Kanchanaburi Power,8,8,0,54.0,54.0,🟠 Form-dependent,🟠 Form-dependent,UNCHANGED
2026-10-09,Police Tero,9,9,0,49.54,49.54,⚪ Unranked,⚪ Unranked,UNCHANGED
2026-10-09,Chiangmai United,10,10,0,45.16,45.16,⚪ Unranked,⚪ Unranked,UNCHANGED
2026-10-09,Songkhla,11,11,0,43.83,43.83,⚪ Unranked,⚪ Unranked,UNCHANGED
2026-10-09,Chanthaburi,12,12,0,42.14,42.14,⚪ Unranked,⚪ Unranked,UNCHANGED
2026-10-09,Nakhon Pathom United,13,13,0,35.18,35.18,⚪ Unranked,⚪ Unranked,UNCHANGED
2026-10-09,Phrae United,14,14,0,33.18,33.18,⚪ Unranked,⚪ Unranked,UNCHANGED
2026-10-09,Pattaya United,15,15,0,29.91,29.91,⚪ Unranked,⚪ Unranked,UNCHANGED
2026-10-09,Mahasarakham,16,16,0,24.1,24.1,⚪ Unranked,⚪ Unranked,UNCHANGED
2026-10-09,Nakhon Ratchasima,17,17,0,17.91,17.91,⚪ Unranked,⚪ Unranked,UNCHANGED
2026-10-09,Kasetsart,18,18,0,9.62,9.62,⚪ Unranked,⚪ Unranked,UNCHANGED
2026-10-09,CD Hondupino,1,1,0,97.22,97.22,🟢 Elite,🟢 Elite,UNCHANGED
2026-10-09,CD Fas San Lorenzo,2,2,0,74.92,74.92,🟡 Reliable,🟡 Reliable,UNCHANGED
2026-10-09,Arsenal SAO,3,3,0,71.08,71.08,🟡 Reliable,🟡 Reliable,UNCHANGED
2026-10-09,CD Cedeno,4,4,0,62.05,62.05,🟠 Form-dependent,🟠 Form-dependent,UNCHANGED
2026-10-09,CD Real Tegus,5,5,0,48.89,48.89,⚪ Unranked,⚪ Unranked,UNCHANGED
2026-10-09,AFFI Academia,6,6,0,46.84,46.84,⚪ Unranked,⚪ Unranked,UNCHANGED
2026-10-09,CD San Rafael,7,7,0,32.56,32.56,⚪ Unranked,⚪ Unranked,UNCHANGED
2026-10-09,Pirata FC,8,8,0,27.89,27.89,⚪ Unranked,⚪ Unranked,UNCHANGED
2026-10-09,Infop FC,9,9,0,26.77,26.77,⚪ Unranked,⚪ Unranked,UNCHANGED
2026-10-09,CD Gimnastico,10,10,0,26.34,26.34,⚪ Unranked,⚪ Unranked,UNCHANGED
2026-10-09,Eagles Sport,11,11,0,23.05,23.05,⚪ Unranked,⚪ Unranked,UNCHANGED
2026-10-09,Meluca FC,12,12,0,22.73,22.73,⚪ Unranked,⚪ Unranked,UNCHANGED
2026-10-09,Aguacatán FC,1,1,0,69.45,69.45,🟡 Reliable,🟡 Reliable,UNCHANGED
2026-10-09,Huehuetecos FC,2,2,0,65.71,65.71,🟡 Reliable,🟡 Reliable,UNCHANGED
2026-10-09,FC Santa Lucía Cotzumalguapa,3,3,0,62.39,62.39,🟠 Form-dependent,🟠 Form-dependent,UNCHANGED
2026-10-09,CD Iztapa,4,4,0,51.15,51.15,🟠 Form-dependent,🟠 Form-dependent,UNCHANGED
2026-10-09,Juventud Copalera,5,5,0,49.33,49.33,⚪ Unranked,⚪ Unranked,UNCHANGED
2026-10-09,Quiché FC,6,6,0,48.11,48.11,⚪ Unranked,⚪ Unranked,UNCHANGED
2026-10-09,Chichicasteco FC,7,7,0,44.31,44.31,⚪ Unranked,⚪ Unranked,UNCHANGED
2026-10-09,Deportivo Gomerano,8,8,0,43.01,43.01,⚪ Unranked,⚪ Unranked,UNCHANGED
2026-10-09,CSD Amatitlán,9,9,0,38.59,38.59,⚪ Unranked,⚪ Unranked,UNCHANGED
2026-10-09,Coatepeque FC,10,10,0,22.67,22.67,⚪ Unranked,⚪ Unranked,UNCHANGED
2026-10-09,Managua FC,1,1,0,80.81,80.81,🟡 Reliable,🟡 Reliable,UNCHANGED
2026-10-09,Diriangén FC,2,2,0,79.73,79.73,🟡 Reliable,🟡 Reliable,UNCHANGED
2026-10-09,UNAN Managua,3,3,0,64.18,64.18,🟠 Form-dependent,🟠 Form-dependent,UNCHANGED
2026-10-09,Real Estelí,4,4,0,63.44,63.44,🟠 Form-dependent,🟠 Form-dependent,UNCHANGED
2026-10-09,San Marcos FC,5,5,0,60.87,60.87,🟠 Form-dependent,🟠 Form-dependent,UNCHANGED
2026-10-09,Deportivo Matagalpa FC,6,6,0,45.3,45.3,⚪ Unranked,⚪ Unranked,UNCHANGED
2026-10-09,CS Sébaco,7,7,0,31.53,31.53,⚪ Unranked,⚪ Unranked,UNCHANGED
2026-10-09,Rancho Santana FC,8,8,0,30.48,30.48,⚪ Unranked,⚪ Unranked,UNCHANGED
2026-10-09,CD Walter Ferretti,9,9,0,25.49,25.49,⚪ Unranked,⚪ Unranked,UNCHANGED
2026-10-09,ART Municipal Jalapa,10,10,0,14.63,14.63,⚪ Unranked,⚪ Unranked,UNCHANGED
2026-10-09,Ross County,1,1,0,95.56,95.57,🟢 Elite,🟢 Elite,UNCHANGED
2026-10-09,Hamilton Academical,2,2,0,91.82,91.82,🟢 Elite,🟢 Elite,UNCHANGED
2026-10-09,Montrose,3,3,0,60.21,60.2,🟠 Form-dependent,🟠 Form-dependent,UNCHANGED
2026-10-09,East Kilbride,4,4,0,59.82,59.83,🟠 Form-dependent,🟠 Form-dependent,UNCHANGED
2026-10-09,Airdrieonians,5,5,0,43.49,43.5,⚪ Unranked,⚪ Unranked,UNCHANGED
2026-10-09,Alloa Athletic,6,6,0,39.73,39.71,⚪ Unranked,⚪ Unranked,UNCHANGED
2026-10-09,Peterhead,7,7,0,31.85,31.85,⚪ Unranked,⚪ Unranked,UNCHANGED
2026-10-09,East Fife,8,8,0,29.59,29.58,⚪ Unranked,⚪ Unranked,UNCHANGED
2026-10-09,Queen of the South,9,9,0,23.76,23.77,⚪ Unranked,⚪ Unranked,UNCHANGED
2026-10-09,Cove Rangers,10,10,0,13.36,13.36,⚪ Unranked,⚪ Unranked,UNCHANGED
2026-10-09,Kagoshima United,1,1,0,91.27,91.27,🟢 Elite,🟢 Elite,UNCHANGED
2026-10-09,Ehime,2,2,0,73.4,73.41,🟡 Reliable,🟡 Reliable,UNCHANGED
2026-10-09,Renofa Yamaguchi,3,3,0,73.14,73.16,🟡 Reliable,🟡 Reliable,UNCHANGED
2026-10-09,Nara Club,4,4,0,69.39,69.41,🟡 Reliable,🟡 Reliable,UNCHANGED
2026-10-09,SC Sagamihara,5,5,0,66.23,66.3,🟡 Reliable,🟡 Reliable,UNCHANGED
2026-10-09,FC Osaka,6,6,0,60.76,60.72,🟠 Form-dependent,🟠 Form-dependent,UNCHANGED
2026-10-09,FC Gifu,7,7,0,54.48,54.45,🟠 Form-dependent,🟠 Form-dependent,UNCHANGED
2026-10-09,Roasso Kumamoto,8,8,0,53.72,53.71,🟠 Form-dependent,🟠 Form-dependent,UNCHANGED
2026-10-09,Gainare Tottori,9,9,0,50.69,50.75,🟠 Form-dependent,🟠 Form-dependent,UNCHANGED
2026-10-09,Reilac Shiga,10,10,0,50.14,50.14,🟠 Form-dependent,🟠 Form-dependent,UNCHANGED
2026-10-09,Zweigen Kanazawa,11,11,0,49.96,50.0,⚪ Unranked,🟠 Form-dependent,CHANGED
2026-10-09,Ryukyu Okinawa,12,12,0,48.06,48.02,⚪ Unranked,⚪ Unranked,UNCHANGED
2026-10-09,Nagano Parceiro,13,13,0,45.99,45.97,⚪ Unranked,⚪ Unranked,UNCHANGED
2026-10-09,Tochigi SC,14,14,0,42.06,42.06,⚪ Unranked,⚪ Unranked,UNCHANGED
2026-10-09,Giravanz Kitakyushu,15,15,0,36.44,36.47,⚪ Unranked,⚪ Unranked,UNCHANGED
2026-10-09,Matsumoto Yamaga,16,16,0,31.27,31.25,⚪ Unranked,⚪ Unranked,UNCHANGED
2026-10-09,Fukushima United,17,17,0,24.41,24.39,⚪ Unranked,⚪ Unranked,UNCHANGED
2026-10-09,Thespa Gunma,18,18,0,20.76,20.75,⚪ Unranked,⚪ Unranked,UNCHANGED
2026-10-09,Kamatamare Sanuki,19,19,0,14.82,14.83,⚪ Unranked,⚪ Unranked,UNCHANGED
2026-10-09,Kochi United,20,20,0,13.53,13.52,⚪ Unranked,⚪ Unranked,UNCHANGED
2026-10-09,Quick Boys,1,1,0,81.66,81.66,🟢 Elite,🟢 Elite,UNCHANGED
2026-10-09,De Treffers,2,2,0,75.69,75.69,🟡 Reliable,🟡 Reliable,UNCHANGED
2026-10-09,HSV Hoek,3,3,0,70.6,70.6,🟡 Reliable,🟡 Reliable,UNCHANGED
2026-10-09,Rijnsburgse Boys,4,4,0,65.42,65.42,🟡 Reliable,🟡 Reliable,UNCHANGED
2026-10-09,Spakenburg,5,5,0,63.39,63.39,🟠 Form-dependent,🟠 Form-dependent,UNCHANGED
2026-10-09,Jong Almere City,6,6,0,61.61,61.61,🟠 Form-dependent,🟠 Form-dependent,UNCHANGED
2026-10-09,VV Katwijk,7,7,0,58.81,58.81,🟠 Form-dependent,🟠 Form-dependent,UNCHANGED
2026-10-09,HHC Hardenberg,8,8,0,58.72,58.72,🟠 Form-dependent,🟠 Form-dependent,UNCHANGED
2026-10-09,Kozakken Boys,9,9,0,50.97,50.97,🟠 Form-dependent,🟠 Form-dependent,UNCHANGED
2026-10-09,AFC,10,10,0,45.34,45.34,⚪ Unranked,⚪ Unranked,UNCHANGED
2026-10-09,Jong Sparta Rotterdam,11,11,0,39.2,39.2,⚪ Unranked,⚪ Unranked,UNCHANGED
2026-10-09,RKAV Volendam,12,12,0,35.54,35.54,⚪ Unranked,⚪ Unranked,UNCHANGED
2026-10-09,BVV Barendrecht,13,13,0,34.51,34.51,⚪ Unranked,⚪ Unranked,UNCHANGED
2026-10-09,GVVV,14,14,0,32.73,32.73,⚪ Unranked,⚪ Unranked,UNCHANGED
2026-10-09,Koninklijke HFC,15,15,0,28.92,28.92,⚪ Unranked,⚪ Unranked,UNCHANGED
2026-10-09,IJsselmeervogels,16,16,0,28.71,28.71,⚪ Unranked,⚪ Unranked,UNCHANGED
2026-10-09,ACV,17,17,0,27.34,27.34,⚪ Unranked,⚪ Unranked,UNCHANGED
2026-10-09,Excelsior Maassluis,18,18,0,24.68,24.68,⚪ Unranked,⚪ Unranked,UNCHANGED
2026-10-09,Vaslui,1,1,0,91.48,91.48,🟢 Elite,🟢 Elite,UNCHANGED
2026-10-09,USV Iași,2,2,0,80.59,80.59,🟢 Elite,🟢 Elite,UNCHANGED
2026-10-09,Adjud,3,3,0,74.52,74.52,🟡 Reliable,🟡 Reliable,UNCHANGED
2026-10-09,Aerostar Bacău,4,4,0,66.08,66.08,🟡 Reliable,🟡 Reliable,UNCHANGED
2026-10-09,KSE Târgu Secuiesc,5,5,0,59.73,59.73,🟠 Form-dependent,🟠 Form-dependent,UNCHANGED
2026-10-09,Bacău II,6,6,0,52.94,52.94,🟠 Form-dependent,🟠 Form-dependent,UNCHANGED
2026-10-09,Bradul Putna,7,7,0,51.26,51.26,🟠 Form-dependent,🟠 Form-dependent,UNCHANGED
2026-10-09,Odorheiu Secuiesc,8,8,0,45.78,45.78,⚪ Unranked,⚪ Unranked,UNCHANGED
2026-10-09,Gheorgheni,9,9,0,35.5,35.5,⚪ Unranked,⚪ Unranked,UNCHANGED
2026-10-09,Viitorul Onești,10,10,0,26.52,26.52,⚪ Unranked,⚪ Unranked,UNCHANGED
2026-10-09,Ceahlăul Piatra Neamț,11,11,0,14.83,14.83,⚪ Unranked,⚪ Unranked,UNCHANGED
2026-10-09,Pașcani,12,12,0,9.03,9.03,⚪ Unranked,⚪ Unranked,UNCHANGED
2026-10-09,Petržalka,1,1,0,93.57,93.57,🟢 Elite,🟢 Elite,UNCHANGED
2026-10-09,Šamorín,2,2,0,92.43,92.43,🟢 Elite,🟢 Elite,UNCHANGED
2026-10-09,Žilina B,3,3,0,69.94,69.94,🟡 Reliable,🟡 Reliable,UNCHANGED
2026-10-09,Pohronie,4,4,0,67.06,67.06,🟡 Reliable,🟡 Reliable,UNCHANGED
2026-10-09,Považská Bystrica,5,5,0,63.83,63.83,🟠 Form-dependent,🟠 Form-dependent,UNCHANGED
2026-10-09,Galanta,6,6,0,59.43,59.43,🟠 Form-dependent,🟠 Form-dependent,UNCHANGED
2026-10-09,Inter Bratislava,7,7,0,55.52,55.52,🟠 Form-dependent,🟠 Form-dependent,UNCHANGED
2026-10-09,Lehota p. Vtáčnikom,8,8,0,49.93,49.93,⚪ Unranked,⚪ Unranked,UNCHANGED
2026-10-09,Tatran Prešov,9,9,0,49.08,49.08,⚪ Unranked,⚪ Unranked,UNCHANGED
2026-10-09,Liptovský Mikuláš,10,10,0,44.85,44.85,⚪ Unranked,⚪ Unranked,UNCHANGED
2026-10-09,Zlaté Moravce,11,11,0,43.02,43.02,⚪ Unranked,⚪ Unranked,UNCHANGED
2026-10-09,Malženice,12,12,0,42.07,42.07,⚪ Unranked,⚪ Unranked,UNCHANGED
2026-10-09,Slovan Bratislava B,13,13,0,33.05,33.05,⚪ Unranked,⚪ Unranked,UNCHANGED
2026-10-09,Humenné,14,14,0,31.06,31.06,⚪ Unranked,⚪ Unranked,UNCHANGED
2026-10-09,Bytča,15,15,0,17.23,17.23,⚪ Unranked,⚪ Unranked,UNCHANGED
2026-10-09,Zvolen,16,16,0,8.32,8.32,⚪ Unranked,⚪ Unranked,UNCHANGED
2026-10-09,Cavalry FC,1,1,0,85.07,85.07,🟢 Elite,🟢 Elite,UNCHANGED
2026-10-09,Forge FC,2,2,0,82.94,82.99,🟢 Elite,🟢 Elite,UNCHANGED
2026-10-09,Atlético Ottawa,3,3,0,56.87,56.87,🟠 Form-dependent,🟠 Form-dependent,UNCHANGED
2026-10-09,Vancouver FC,4,4,0,50.81,50.81,🟠 Form-dependent,🟠 Form-dependent,UNCHANGED
2026-10-09,Supra du Québec,5,5,0,47.37,47.46,⚪ Unranked,⚪ Unranked,UNCHANGED
2026-10-09,HFX Wanderers,6,6,0,46.44,46.44,⚪ Unranked,⚪ Unranked,UNCHANGED
2026-10-09,Inter Toronto,7,7,0,36.5,36.46,⚪ Unranked,⚪ Unranked,UNCHANGED
2026-10-09,Pacific FC,8,8,0,14.69,14.65,⚪ Unranked,⚪ Unranked,UNCHANGED
